path,source,source_sha256,sha256,bytes,changed
data/raw/qwen-flashnext-memory-2026-09-25/baseline-5k.json,qwen-flashnext-memory-2026-09-25/baseline-5k.json,2b6c2ae972046f330d2bde042cedcb1f7775292ef46aed1c1c10c988afeb6b4e,d018e576955360421397e0f66f34ad889f2f36f8c886c9895dd3db0d179f9376,1064,True
data/raw/qwen-flashnext-memory-2026-09-25/baseline-5k.ndjson,qwen-flashnext-memory-2026-09-25/baseline-5k.ndjson,b7c0d1e080f4199032b3192ce944b1ac8e1633761199804dc651dfca8883292a,b7c0d1e080f4199032b3192ce944b1ac8e1633761199804dc651dfca8883292a,18077,False
data/raw/qwen-flashnext-memory-2026-09-25/context-30k.json,qwen-flashnext-memory-2026-09-25/context-30k.json,deddc3499dd7c76569e89a338758dc26a4270aaddbc90f634b3522ecad5c5dba,20e6b0ff3f35d78571ef0f8f417eb1a18777525df90716160655a803db7b9505,1066,True
data/raw/qwen-flashnext-memory-2026-09-25/context-30k.ndjson,qwen-flashnext-memory-2026-09-25/context-30k.ndjson,3df887720a4a21013449c64030546371d271522e61b553b0201b3d46dcd4ffb1,3df887720a4a21013449c64030546371d271522e61b553b0201b3d46dcd4ffb1,39234,False
data/raw/qwen-flashnext-memory-2026-09-25/context-45k-cache0.json,qwen-flashnext-memory-2026-09-25/context-45k-cache0.json,d42f02a1fb3b7fe9c3a0016104d2c1a191762826bde1d3d63ed4328908b2148a,307dcc021de109563334e1d8928e91e07b3c22bbddd346062a68a6008e855a98,1072,True
data/raw/qwen-flashnext-memory-2026-09-25/context-45k-cache0.ndjson,qwen-flashnext-memory-2026-09-25/context-45k-cache0.ndjson,ea409504f25edc847aa3745c5efce205a6a2344e223fb88c36efe56bced07e9a,ea409504f25edc847aa3745c5efce205a6a2344e223fb88c36efe56bced07e9a,67385,False
data/raw/qwen-flashnext-memory-2026-09-25/context-45k.json,qwen-flashnext-memory-2026-09-25/context-45k.json,17f48f78ccdb4324b56a682431842c7cdbbadba3eb6208be552cbc8643cc0baa,2cd9d0be07320ee9589667045f2e3d5d608347671eb7e273e46911c8cb19d1e3,1072,True
data/raw/qwen-flashnext-memory-2026-09-25/context-45k.ndjson,qwen-flashnext-memory-2026-09-25/context-45k.ndjson,96cf82158f6ae645419cd4dba59bde26725e7a9d410c1af700e341473f93c3da,96cf82158f6ae645419cd4dba59bde26725e7a9d410c1af700e341473f93c3da,95493,False
data/raw/qwen-flashnext-memory-2026-09-25/context-58k-cache0-repeat.json,qwen-flashnext-memory-2026-09-25/context-58k-cache0-repeat.json,55c30229cdcdca606ee4884f5c4240f21a24ccada8b660e39ca5c7d438629510,149913aed96ece9881d0d9534eba33b710ac42ca6043698937a13112ecf6df8b,1063,True
data/raw/qwen-flashnext-memory-2026-09-25/context-58k-cache0-repeat.ndjson,qwen-flashnext-memory-2026-09-25/context-58k-cache0-repeat.ndjson,98319f31c524676773a80e03b330b058df2a05d9f85808a305db6633a4544d38,98319f31c524676773a80e03b330b058df2a05d9f85808a305db6633a4544d38,2637,False
data/raw/qwen-flashnext-memory-2026-09-25/context-58k-cache0.json,qwen-flashnext-memory-2026-09-25/context-58k-cache0.json,86a807c1629793cfae28074a9dbe56704632dbb4a0bc98955b01623e21a2973d,f7c9f3fdf7d901cfa6c30ac47d11385a70f8f08ded1b54c48a736de338324e5b,1004,True
data/raw/qwen-flashnext-memory-2026-09-25/context-58k-cache0.ndjson,qwen-flashnext-memory-2026-09-25/context-58k-cache0.ndjson,220f79269511cbb9c7313b3b6290ae958bc785eddb1a74c388d763e739e71f9a,220f79269511cbb9c7313b3b6290ae958bc785eddb1a74c388d763e739e71f9a,68256,False
data/raw/qwen-flashnext-memory-2026-09-25/context-63k-cache0.json,qwen-flashnext-memory-2026-09-25/context-63k-cache0.json,6eedbbf320350dbdb057742a2cc92c9dad10490334fe511e0c5f0b62f0d45510,5b0086e5b008c13319ffab5728fe66351475fe94b79312e48a0acad2ce5a69b1,1006,True
data/raw/qwen-flashnext-memory-2026-09-25/context-63k-cache0.ndjson,qwen-flashnext-memory-2026-09-25/context-63k-cache0.ndjson,9db0e106def06ef3559778ba9acea921f22628123b6293ee801fa2b97fee8b2f,9db0e106def06ef3559778ba9acea921f22628123b6293ee801fa2b97fee8b2f,74980,False
data/raw/qwen-flashnext-thinking-2026-09-26/thinking-63k.json,qwen-flashnext-thinking-2026-09-26/thinking-63k.json,864fd3de0bd14cf4c828d549c5a4cac6814538173edc3a4a80e67fa5289b66bb,f5193280fbd86765c1e9ea266af9b104b6ecf6661b31406a1eb4f5a3e2a1a42e,3030,True
data/raw/qwen-flashnext-thinking-2026-09-26/thinking-63k.ndjson,qwen-flashnext-thinking-2026-09-26/thinking-63k.ndjson,4301bb262b1c0c9816c1364e45d42772371f7f3541cb723b3af35eb43df140fe,4301bb262b1c0c9816c1364e45d42772371f7f3541cb723b3af35eb43df140fe,129423,False
data/raw/qwen-gsq-mtp-nasone32-20260927/32k-mtp1-q4kv-followup.json,qwen-gsq-mtp-nasone32-20260927/32k-mtp1-q4kv-followup.json,3811a0cb4c666076525754a234bd663097a31bbdce68e925994bbc398b0972c7,1720d63616b7b468b189ca1145e68c3d2b12c6c23a547323e6be86348d5fbcad,2368,True
data/raw/qwen-gsq-mtp-nasone32-20260927/32k-mtp1-q4kv-long.json,qwen-gsq-mtp-nasone32-20260927/32k-mtp1-q4kv-long.json,5a3330d3921d3bc98f1ec01eabdcdb5a088572fd543540ef95f8639212d0cc8c,1bd3b0c43f50dfa00fe686a60821d91b63bb928c40a8f9c606b05f7480502946,890,True
data/raw/qwen-gsq-mtp-nasone32-20260927/32k-mtp1-q4kv-think.json,qwen-gsq-mtp-nasone32-20260927/32k-mtp1-q4kv-think.json,f3d496fa01315462501c9c689708417a3ae4a86142d9cdafcca7171163fd644a,111a06a91b209482bca8078acf5c12930c34e0cda2ed4061a637283d0396b293,1091,True
data/raw/qwen-gsq-mtp-nasone32-20260927/32k-mtp1-think.json,qwen-gsq-mtp-nasone32-20260927/32k-mtp1-think.json,60624f76fb0f080d57a6b9b6174c837eb6356e94bd6282a969bcde74ba024fdc,7b1a02a3cd5a8821e0d72047add85122e687b1859df0bbdb464f1d618a63b29b,1098,True
data/raw/qwen-gsq-mtp-nasone32-20260927/4k-mtp1-long.json,qwen-gsq-mtp-nasone32-20260927/4k-mtp1-long.json,38cf8e157968f9678951238c10466fd44e5107680f71542b1f145d4053a35e23,2ee8b641b75491236c65915fdfda4f446e4d8a7a76a88ad42cb4081ae3aeaadb,1800,True
data/raw/qwen-gsq-mtp-nasone32-20260927/4k-mtp2-long.json,qwen-gsq-mtp-nasone32-20260927/4k-mtp2-long.json,9b0dba08e0380f1bca067482a74a8d85a521db81dc94a101344e8a5fb81a9c75,b7f2caec5626948a04c3494da0b06ee738db2a032af2bd99b08e89e3f49b1d1c,2527,True
data/raw/qwen-gsq-mtp-nasone32-20260927/4k-mtp2-think.json,qwen-gsq-mtp-nasone32-20260927/4k-mtp2-think.json,1f1a3478c136d2812cc030dc7c029a9452237fea2fab930afe30891b0e1e72f0,47475cb1e598326e01c329fc3267794cfd26fd86f2c1d486110c641990eae90d,1097,True
data/raw/qwen-gsq-mtp-nasone32-20260927/4k-nomtp-long.json,qwen-gsq-mtp-nasone32-20260927/4k-nomtp-long.json,44ed0555b2701f87e18f6de530855882f9aa402965a0103ec24f6c68e56a79ae,fadbe1ee1bc10602a4bdd1c8ca63826a5a510dee91543a39078d6ac5b592bdf0,1725,True
data/raw/qwen-gsq-mtp-nasone32-20260927/65k-mtp1-followup.json,qwen-gsq-mtp-nasone32-20260927/65k-mtp1-followup.json,c002e27824bb1c0eb9b997d812dcdf5011c25298e6aac80272f5777a5481148a,e4f521e382e35c07e7b052145db185f572e002a5ed63109bb92b84e2792006f4,1062,True
data/raw/qwen-gsq-mtp-nasone32-20260927/65k-mtp1-long.json,qwen-gsq-mtp-nasone32-20260927/65k-mtp1-long.json,d32af12c948618fc692878cdb92a91a6a52d8381233b3ba30d60c7fef2a6a434,df4f694e86eccf1d13ab7fb52302e881ce714ebf0084ec1eb3578cea05bfd4e0,890,True
data/raw/qwen-gsq-mtp-nasone32-20260927/65k-mtp1-think.json,qwen-gsq-mtp-nasone32-20260927/65k-mtp1-think.json,47f80545c680f91edd5e1af89b7695e22865a674d062a88ba217e22c2af15278,317f97aee1361308d825a54f5fc29914e5fbb91acb288770ce83aba6fc2152e0,1036,True
data/raw/qwen-gsq-mtp-nasone32-20260927/65k-nomtp-followup.json,qwen-gsq-mtp-nasone32-20260927/65k-nomtp-followup.json,056f12afccbeff518fe6b5f0bdfc100cff1579b21b0bcff474050ed1ed44b120,03dcb3b1e50dd18dbee5c859261571afde3714cc38504f2b4332cc29373f5b69,1029,True
data/raw/qwen-gsq-mtp-nasone32-20260927/65k-nomtp-long.json,qwen-gsq-mtp-nasone32-20260927/65k-nomtp-long.json,3a11f4bd515505a76e2af8b5556884420da7ba7e3af7c657d3e0604aafc09b05,968ee1d9b859cb262e291ba864ae7b28730228d3375c8492449d0ecef63cdc1c,848,True
data/raw/qwen-gsq-mtp-nasone32-20260927/65k-tokenize-response.json,qwen-gsq-mtp-nasone32-20260927/65k-tokenize-response.json,91a78b0f85d8c33721f400481f5da28c4816d546c6fb0cf121b734aa5ffc0897,798674c1c8c13edc4eab3fbcbe9a9ee005c1ef6bbb5e2032da4c50135ba9eefe,564243,True
data/raw/qwen-gsq-rocm-tuning-2026-09-27/base.json,qwen-gsq-rocm-tuning-2026-09-27/base.json,aa4010d853fe3ea3cde4989888d6669e08c9ad29b66210b39855ac86f3d36387,eb637b9401dbfa98c233b746006ef09f03b031127776f322750aca8f1d9651f7,3388,True
data/raw/qwen-gsq-rocm-tuning-2026-09-27/fit2048-65k.json,qwen-gsq-rocm-tuning-2026-09-27/fit2048-65k.json,5048487a0d1667cf0a9df80e949acd050f73409388e77cbcf32d7bc3a16fb118,2163de920a1c2f0616b994a8f2e058de0736327a322c3a761bb9335541622915,3429,True
data/raw/qwen-gsq-rocm-tuning-2026-09-27/fit2048.json,qwen-gsq-rocm-tuning-2026-09-27/fit2048.json,ce0002f9020105ce29cac2e21076be64ec59a3bf332522d00ee608530abe5c25,39d87fd8273b793e28042191c5b7e6396f7338500c2dbe9a6b44da020259390f,3398,True
data/raw/qwen-gsq-rocm-tuning-2026-09-27/fit2560.json,qwen-gsq-rocm-tuning-2026-09-27/fit2560.json,d05a896a0ab68a723ce7535efb9a4bf19bd76da3ee565db956a4c9d96a65380b,b3a6c68611c4c63d46cf21bf7b1005fcc2c55c3b196485f2ba3b5fc0bf937133,3398,True
data/raw/qwen-gsq-rocm-tuning-2026-09-27/ub1024-noop.json,qwen-gsq-rocm-tuning-2026-09-27/ub1024-noop.json,b20020318b162796303c8edffd51925ee24d41aa2e4492948ef9cc06d3e7c911,6825b0756b742cc6ce78abdeee2257892a9d07f7db2453b75e81fd0d56111b7f,1591,True
data/raw/qwen-gsq-rocm-tuning-2026-09-27/ub1024.json,qwen-gsq-rocm-tuning-2026-09-27/ub1024.json,b0253931ebd8a9c53cd9e41749e13425ed4ff99bc69e7e5d40c08599cc3ed808,c46c844cf99acb38b2ea058866e3c6a2ceb4e7aa608f63b30dd92d094bb36d3d,3397,True
data/raw/qwen-gsq-rocm-tuning-2026-09-27/ub2048-65k.json,qwen-gsq-rocm-tuning-2026-09-27/ub2048-65k.json,db8075ed1f7aeae9c6ba8476ae4b9b12b4e118ed770ec501989f3b2601e79665,254930a60896c4aac4a6a61ab6f617ba6625029a77a9268f7767b5d24dff6bdb,3424,True
data/raw/qwen-gsq-rocm-tuning-2026-09-27/ub2048.json,qwen-gsq-rocm-tuning-2026-09-27/ub2048.json,45250c8a9eb298d442a7959988230bdf0ecde7d5400aa284e1d7d5c674be0e7b,36230b197ba19ffba0da4dcba8a09862f747c0f34139594279dedbebc978dc41,3417,True
data/raw/qwen-gsq-test-2026-09-27/long-thinking-63k-2200.json,qwen-gsq-test-2026-09-27/long-thinking-63k-2200.json,fef49c77111338c88fc52b4e0f7d1ee1716ab2e65fdd653646f021a8d0ac17e7,7ac41476def704e9a3942cafce51a4708aa72ef6618f5acbbf36fe5ff2df8a6e,3972,True
data/raw/qwen-gsq-test-2026-09-27/long-thinking-63k.json,qwen-gsq-test-2026-09-27/long-thinking-63k.json,2532a2c1307ab7b9688040d37ba44890d7c087a4025ab9dbeebf53b427661453,aac9f1371eac250dd23db43aaa2a487221d397f501ac92c7877a14afc63a0d76,2690,True
data/raw/qwen-gsq-test-2026-09-27/vision-check-8bit.png,qwen-gsq-test-2026-09-27/vision-check-8bit.png,547f22a21c14102da99c3e052435e1dd9a0dec31a505001e1dbb9f9d7d8fb420,547f22a21c14102da99c3e052435e1dd9a0dec31a505001e1dbb9f9d7d8fb420,2196,False
data/raw/qwen-gsq-test-2026-09-27/vision-check.png,qwen-gsq-test-2026-09-27/vision-check.png,8ceed783f0f840fe82c1091baa497ea2452ad388da317adf4a92eaf676483854,8ceed783f0f840fe82c1091baa497ea2452ad388da317adf4a92eaf676483854,3422,False
data/raw/qwen-gsq-vulkan-2026-09-27/results-4k.json,qwen-gsq-vulkan-2026-09-27/results-4k.json,4337dd936288b6c43347d91e15fb8d77f8e3e36e1f2004d3faa9415815c665d4,2e5b8ca32637d7f3f1a78b2c2a4e64814d506246bfa3cb2505ef856ef9549c21,5518,True
data/raw/qwen-rdna3-2026-09-24/checksums.sha256,qwen-rdna3-2026-09-24/checksums.sha256,feb6c4eae637a7ad9733c867a2cd463c6fdeb590e13f52cc50ae5ea9d15b9225,feb6c4eae637a7ad9733c867a2cd463c6fdeb590e13f52cc50ae5ea9d15b9225,3556,False
data/raw/qwen-rdna3-2026-09-24/f16-no-fa-2plus2.json,qwen-rdna3-2026-09-24/f16-no-fa-2plus2.json,c46282d69c8f6f93ced37e31e41122b6d2236372256844e0ed4df2c5877c3a29,44a510241cc021ea135e729ebb95114f3028328b7fc55c955bb5477447f4f133,860,True
data/raw/qwen-rdna3-2026-09-24/f16-no-fa-raw.json,qwen-rdna3-2026-09-24/f16-no-fa-raw.json,4ac7b56eb94f06320e94814e4b25ca76306a072d72daa50a8de28cf2a67e8d2a,2b7d2661233e66a29ae03a95ef8684effcc8742c28da1e11b78a88ae08ea8169,2340,True
data/raw/qwen-rdna3-2026-09-24/graphs-off-2plus2.json,qwen-rdna3-2026-09-24/graphs-off-2plus2.json,52f133d6f8d6fad95c0b3178d31fa19c1afd98938a0c4a6aa2383910d6953709,9938fe15a5b0209ec76f4a5f9a2be7cc6978f8c9fd668493c4894f77d51f4425,927,True
data/raw/qwen-rdna3-2026-09-24/raw-4k.json,qwen-rdna3-2026-09-24/raw-4k.json,2f52386d49a522b6ea63b2667aae8f47fe1e24c6230d5913b79e342bfcf1ae34,2fb089d6ab9f17fafa82237fd4e034a2f5e1270c4d27ac40e0fdc077a0ebaa57,162,True
data/raw/qwen-rdna3-2026-09-24/reasoning-2plus2.json,qwen-rdna3-2026-09-24/reasoning-2plus2.json,546e5ebf743cf7d6cd7607cc955d174f3497b9d23ebfe92d4236c2a47a07d754,e1df2b1d1fdd0f993e71023c986f4a07ef45318140681b7f77ccacb4e75fff28,1112,True
data/raw/qwen-rdna3-2026-09-24/smoke-4k.json,qwen-rdna3-2026-09-24/smoke-4k.json,faaaea6f789066ea83e9f61d6bea91eeba37667cff36a87bc34ffcc405cf644c,914ecffe2eef542dc9d565a289b22a70819a887cda02b9d8b03efe05e38db2f9,886,True
data/raw/qwen-rdna3-2026-09-24/smoke-jinja-4k.json,qwen-rdna3-2026-09-24/smoke-jinja-4k.json,b1ce8611eed4e99676e7abd558030c8a53214168e715bb1d14c428568f75452c,ec4db1f7656b92c29e441aa9a5c73d8bb94e41465166aeb696aeaac13c7c0230,1049,True
data/raw/qwen-rdna3-2026-09-24/smoke-mmap-4k.json,qwen-rdna3-2026-09-24/smoke-mmap-4k.json,d612e193c190b3ad58da6b1de44bf9d4511dfab9834b55cdf63eddcb1bffb1f2,a17b8664301a66fa405225d343a36ae7dbab6a2d48b031675a60221a1f3b155e,160,True
data/raw/qwen-rdna3-2026-09-24/smoke2-4k.json,qwen-rdna3-2026-09-24/smoke2-4k.json,d612e193c190b3ad58da6b1de44bf9d4511dfab9834b55cdf63eddcb1bffb1f2,a17b8664301a66fa405225d343a36ae7dbab6a2d48b031675a60221a1f3b155e,160,True
data/raw/qwen-rdna3-2026-09-24/ubatch1-2plus2.json,qwen-rdna3-2026-09-24/ubatch1-2plus2.json,d78797169e089799562413913830fe0c36f2ac9f1be8c2b3f9529d80c7557bf8,eba08d43b073b999cc5e566f4d19157405c9d679bd27e0cdd366d08fce59d1a7,986,True
data/raw/qwen-rdna3-2026-09-25/hip-match-2plus2.json,qwen-rdna3-2026-09-25/hip-match-2plus2.json,d612e193c190b3ad58da6b1de44bf9d4511dfab9834b55cdf63eddcb1bffb1f2,a17b8664301a66fa405225d343a36ae7dbab6a2d48b031675a60221a1f3b155e,160,True
data/raw/qwen-rdna3-2026-09-25/hip-match-capital.json,qwen-rdna3-2026-09-25/hip-match-capital.json,3dc70974d214a89b93099d0c5810cf41ab5364a00c05469521cd6a4d16927bf6,66ec1315d8a7b497c4a83b1fad5a8fbd7ba2aaf2fe5484faf8ed2d2c5e30a514,1064,True
data/raw/qwen-rdna3-2026-09-25/no-op-offload-2plus2.json,qwen-rdna3-2026-09-25/no-op-offload-2plus2.json,db84bd0030b7b866796f7ad0eb104b11aaba4f092b9b226076592e2b00a9fd7c,8740cfbb08fd6de7c2e81608c17fcbdc38a20c9286b5e0ace1d172fd431e233d,915,True
data/raw/qwen-rdna3-2026-09-25/no-repack-2plus2.json,qwen-rdna3-2026-09-25/no-repack-2plus2.json,0a0b2dac90d53f23b0cd725665a1953d6fd77830ea91ae31116863bf788fdb75,568b6b7b150325e28ef2c4ae322f713ae11ae2ac46a5cb049b05fd09b4c41e2e,917,True
data/raw/qwen-rdna3-2026-09-25/upstream-hip-2plus2.json,qwen-rdna3-2026-09-25/upstream-hip-2plus2.json,8caa3b829b0a77e6ae7225426b4e300c3ea42395754900c65467db930a7948b5,e05c4edef1082066ab516559fdbe90d4240a5599eef46289dbf9a818c83c9740,814,True
data/raw/qwen-rdna3-2026-09-25/upstream-hip-arithmetic.json,qwen-rdna3-2026-09-25/upstream-hip-arithmetic.json,84e4491538af74eff20338e45745470afc924a8791a3b7342a5488da303e0f30,31f24b0dfeccd4ffec6051994ca3f0f5610621246bcac2662a521fdce9287c36,835,True
data/raw/qwen-rdna3-2026-09-25/upstream-hip-capital.json,qwen-rdna3-2026-09-25/upstream-hip-capital.json,b3f3b721b08abae91d84d64eaa793ad98a2aa59570c47208021339edd5c26685,f143a4c395f8460c7e9c001e883c9269446b11458090029718ab875449718d38,864,True
data/raw/qwen-rdna3-2026-09-25/upstream-hip-translation.json,qwen-rdna3-2026-09-25/upstream-hip-translation.json,93e8f324e9b7cdc35aff7f70b6ea1944642132806e804baf06d118d99c8c430f,6a982a5ecfc02e4b62a87a550c029ad44da1d0e371b0bd3ef2a41ad269f0eb2b,843,True
data/raw/qwen-rdna3-2026-09-25/vulkan-mmap-2plus2.json,qwen-rdna3-2026-09-25/vulkan-mmap-2plus2.json,9cd5a31fc8f69dac371e7f43a77b8723acbd97dc090da73f64e010e793ccd6f2,c2fc6570516e610a75596e1ff037b851911c4286f9e765c01bcb44a92a2d64a3,819,True
data/raw/qwen-rdna3-2026-09-25/vulkan-mmap-arithmetic.json,qwen-rdna3-2026-09-25/vulkan-mmap-arithmetic.json,0e6274515da5ae27e5b4918b9fbb61de3a78e065fbd2ae1cf1e300d7b5348883,e978d4d36b84764a56298d178a5b6e7dd9265ffdfdff862486c40e1ea3b7df1e,823,True
data/raw/qwen-rdna3-2026-09-25/vulkan-mmap-capital.json,qwen-rdna3-2026-09-25/vulkan-mmap-capital.json,22376a129204836c461d38ef5eb8f29cb0361940989e3de6b7224fb98c53ec8d,73044332872c36f72e6a73232b4b42b7c436e86410096ffdf05857016592e131,864,True
data/raw/qwen-rdna3-2026-09-25/vulkan-mmap-translation.json,qwen-rdna3-2026-09-25/vulkan-mmap-translation.json,7508fb5e77f9d6c54c26ba7255e59e87f27632622a8d50e8cf16582c6a10e0ed,eb161d2b2f6a9ff33bf8b47417a25725d236d3accb371316a61e0aa6d2ad658d,836,True
data/raw/qwen-rdna3-2026-09-25-longtest/context-32k-prompt.json,qwen-rdna3-2026-09-25-longtest/context-32k-prompt.json,7de05ba73dda788b0731389c0608e936ceb5a2dc47f455bc3b27c8d8bdc50b76,5b771e72f74b4e8a764a591c62f4535998615646c6190e4d049f938e1f5ebb6f,953,True
data/raw/qwen-rdna3-2026-09-25-longtest/context-65k-16k-prompt.json,qwen-rdna3-2026-09-25-longtest/context-65k-16k-prompt.json,3b8f27df4b53cc3f6d74167c1de82a30d14d12542da00bf812433e7ab825f992,a7061796e1c2a304368533f1328690224c9f98988e78178e1f52fa952d573a20,958,True
data/raw/qwen-rdna3-2026-09-25-longtest/context-65k-30k-prompt.json,qwen-rdna3-2026-09-25-longtest/context-65k-30k-prompt.json,d237511a68b570da71138cd97c35878b5cc31dc4689e585fe31cef88b65e1c59,ed909887a4f83763692a85cf3d8a983b3f34c195640edc6286d43e3faa4ac127,960,True
data/raw/qwen-rdna3-2026-09-25-longtest/context-65k-58k-prompt.json,qwen-rdna3-2026-09-25-longtest/context-65k-58k-prompt.json,2cbc54e543bc0bd72e061802fb1abd0e1155c28f461277b5278a77565b291716,6618b8bc73244fde354d6090f567e7b891f7fa9b7f28ffbc19707307f7359df0,963,True
data/raw/qwen-rdna3-2026-09-25-longtest/context-65k-prompt.json,qwen-rdna3-2026-09-25-longtest/context-65k-prompt.json,80f74cafea7e8be11a4b44d21b322fed3fbfbe34f9dfa89feea9ad3b61cc81f6,98f5b59eb8bf34b6d7d6ba3f7240803424ae940b296fc06688341b58ed6ba646,954,True
data/raw/qwen-rdna3-2026-09-25-longtest/long-arithmetic.json,qwen-rdna3-2026-09-25-longtest/long-arithmetic.json,2558c7f41ae0835ca98af671c3037aae9946bca1431fcc70350b5fec93d58d3e,5672cd5156abd77cdf49956bd6b6defc75f5f7a71a4b605b3f21635e94683373,2709,True
data/raw/qwen-rdna3-2026-09-25-longtest/long-binary-search.json,qwen-rdna3-2026-09-25-longtest/long-binary-search.json,7ea2268eff2fd50707d83947af7e2a19c37e1d838cbce5f563c91085e69db4c4,94d1b5e84b69a91cf806cf1c2bec75965ba0bd9b30ba71508d763b6fc882c89a,2778,True
data/raw/qwen-rdna3-2026-09-25-longtest/thinking-arithmetic.json,qwen-rdna3-2026-09-25-longtest/thinking-arithmetic.json,3a95c2dada90a58215ed553cc5ce3a1815faab6a10f0dccd536d9984176b22fc,93f2c64e998d5e9715d72cd12b2f4870ebbd3d6357b8f7e819288be06453d482,2606,True
data/raw/qwen-rdna3-2026-09-25-longtest/thinking-balls.json,qwen-rdna3-2026-09-25-longtest/thinking-balls.json,804abb8db46d66952318c81c0f9d60af09ba2fab90fe91ec8b4aae7096baa04e,717b7394ab4206f438be3d598d4d64d5c7056ef1669fe5a5c564eee6ee5c8dab,1931,True
data/raw/flashnext-nextbench-2026-09-28/fork-q4-32k-copy-base-ub1024-cgroup.txt,live-2026-09-28/fork-q4-32k-copy-base-ub1024-cgroup.txt,d1869522270e49e136c42ccff766d3e3019c75de22e2b9f4f3ae78bfee9b4213,d1869522270e49e136c42ccff766d3e3019c75de22e2b9f4f3ae78bfee9b4213,166,False
data/raw/flashnext-nextbench-2026-09-28/fork-q4-32k-copy-base-ub1024-copy-follow.json,live-2026-09-28/fork-q4-32k-copy-base-ub1024-copy-follow.json,e42972b1b9d8818b4410fe2de9b43730f675b41f9146438889b71f1b10ebadb7,e42972b1b9d8818b4410fe2de9b43730f675b41f9146438889b71f1b10ebadb7,5359,False
data/raw/flashnext-nextbench-2026-09-28/fork-q4-32k-copy-base-ub1024-copy-prefill.json,live-2026-09-28/fork-q4-32k-copy-base-ub1024-copy-prefill.json,3815a70278a018e8666708fa20f9c266fbcf202565453673d94d72b8caa60037,3815a70278a018e8666708fa20f9c266fbcf202565453673d94d72b8caa60037,823,False
data/raw/flashnext-nextbench-2026-09-28/fork-q4-32k-copy-ngram8-cgroup.txt,live-2026-09-28/fork-q4-32k-copy-ngram8-cgroup.txt,588295f2e87115b271baa7617a72f362339b496df3ce714ed97569c2f3eff686,588295f2e87115b271baa7617a72f362339b496df3ce714ed97569c2f3eff686,159,False
data/raw/flashnext-nextbench-2026-09-28/fork-q4-32k-copy-ngram8-copy-follow.json,live-2026-09-28/fork-q4-32k-copy-ngram8-copy-follow.json,1e20889f2c4ba93e9134e3532a64f0a9dfe83bb4a2acdd8fb497e28145996ef9,1e20889f2c4ba93e9134e3532a64f0a9dfe83bb4a2acdd8fb497e28145996ef9,5413,False
data/raw/flashnext-nextbench-2026-09-28/fork-q4-32k-copy-ngram8-copy-prefill.json,live-2026-09-28/fork-q4-32k-copy-ngram8-copy-prefill.json,dfd5bc6d0d5ff7e57d447d3f5208c9c6c8601179e2f015a27836dbd88e68e591,dfd5bc6d0d5ff7e57d447d3f5208c9c6c8601179e2f015a27836dbd88e68e591,824,False
data/raw/flashnext-nextbench-2026-09-28/fork-q4-32k-fit1536-ngram8-cgroup.txt,live-2026-09-28/fork-q4-32k-fit1536-ngram8-cgroup.txt,b2bc529aee84bd4ce234e6efa59c2a1f58fc894fd1ed0a7a0b1788dde062a4b8,b2bc529aee84bd4ce234e6efa59c2a1f58fc894fd1ed0a7a0b1788dde062a4b8,159,False
data/raw/flashnext-nextbench-2026-09-28/fork-q4-32k-fit1536-ngram8-copy-follow.json,live-2026-09-28/fork-q4-32k-fit1536-ngram8-copy-follow.json,2d180e10572be8da55542b998a040030134a1c474ec9461284ca05f5ac84a7b2,2d180e10572be8da55542b998a040030134a1c474ec9461284ca05f5ac84a7b2,5411,False
data/raw/flashnext-nextbench-2026-09-28/fork-q4-32k-fit1536-ngram8-copy-prefill.json,live-2026-09-28/fork-q4-32k-fit1536-ngram8-copy-prefill.json,08ab98fd6975a343191aa0c5a50a7180d32c580939a5eaaa3569eacff526ebd7,08ab98fd6975a343191aa0c5a50a7180d32c580939a5eaaa3569eacff526ebd7,822,False
data/raw/flashnext-nextbench-2026-09-28/fork-q4-32k-fit1536-ngram8-free-follow.json,live-2026-09-28/fork-q4-32k-fit1536-ngram8-free-follow.json,50cb9b5dcf43fb6ad14c95a80a3ce09b99fb2a525ca36b605d4ae3075547b8e6,50cb9b5dcf43fb6ad14c95a80a3ce09b99fb2a525ca36b605d4ae3075547b8e6,5278,False
data/raw/flashnext-nextbench-2026-09-28/fork-q4-32k-fit1536-ngram8-free-prefill.json,live-2026-09-28/fork-q4-32k-fit1536-ngram8-free-prefill.json,9addf23304659104cae6be48058eb179d29a0ca1ac4ee97290381255f3c848c3,9addf23304659104cae6be48058eb179d29a0ca1ac4ee97290381255f3c848c3,823,False
data/raw/flashnext-nextbench-2026-09-28/fork-q4-32k-mtp2-cgroup.txt,live-2026-09-28/fork-q4-32k-mtp2-cgroup.txt,607f70b7ef919a2fa50dd281471c4f6f0955fca00c4400a7911e213ba58cc9a3,607f70b7ef919a2fa50dd281471c4f6f0955fca00c4400a7911e213ba58cc9a3,218,False
data/raw/flashnext-nextbench-2026-09-28/fork-q4-32k-mtp2-smoke.json,live-2026-09-28/fork-q4-32k-mtp2-smoke.json,2c47e7a366e1743898db2d3326bc8e2454d3f04caff2d9b60204252be0f7bd2b,2c47e7a366e1743898db2d3326bc8e2454d3f04caff2d9b60204252be0f7bd2b,849,False
data/raw/flashnext-nextbench-2026-09-28/fork-q4-65k-copy-base-cgroup.txt,live-2026-09-28/fork-q4-65k-copy-base-cgroup.txt,b6d0ad197f7bec7b46fec3e50b4b21d62fbbb2a8a14fae24f89e5b5b565a72ca,b6d0ad197f7bec7b46fec3e50b4b21d62fbbb2a8a14fae24f89e5b5b565a72ca,158,False
data/raw/flashnext-nextbench-2026-09-28/fork-q4-65k-copy-base-copy-follow.json,live-2026-09-28/fork-q4-65k-copy-base-copy-follow.json,77ff34909ff017c4e024f851b1143570ff3878db5b530b27a37ef5caed04504c,77ff34909ff017c4e024f851b1143570ff3878db5b530b27a37ef5caed04504c,5360,False
data/raw/flashnext-nextbench-2026-09-28/fork-q4-65k-copy-base-copy-prefill.json,live-2026-09-28/fork-q4-65k-copy-base-copy-prefill.json,6926e8c2033ecfa5cb08817d947659643bade2a356336de4d8e39e8158a8b5f1,6926e8c2033ecfa5cb08817d947659643bade2a356336de4d8e39e8158a8b5f1,825,False
data/raw/flashnext-nextbench-2026-09-28/fork-q4-65k-copy-ngram8-cgroup.txt,live-2026-09-28/fork-q4-65k-copy-ngram8-cgroup.txt,4902eaa49196f1684fbeff47f3a8838443c1714c97a7a9299eddc3790fc397f8,4902eaa49196f1684fbeff47f3a8838443c1714c97a7a9299eddc3790fc397f8,217,False
data/raw/flashnext-nextbench-2026-09-28/fork-q4-65k-copy-ngram8-copy-follow.json,live-2026-09-28/fork-q4-65k-copy-ngram8-copy-follow.json,a45db0e8537e7ba9df67622b92d4bbb14fd4eb7820095e25e97db31366ec13f7,a45db0e8537e7ba9df67622b92d4bbb14fd4eb7820095e25e97db31366ec13f7,5411,False
data/raw/flashnext-nextbench-2026-09-28/fork-q4-65k-copy-ngram8-copy-prefill.json,live-2026-09-28/fork-q4-65k-copy-ngram8-copy-prefill.json,15c25f273e53889fe25e1b6216f9eb7d2f935c9d958d65cc0e212af026814f62,15c25f273e53889fe25e1b6216f9eb7d2f935c9d958d65cc0e212af026814f62,823,False
data/raw/flashnext-nextbench-2026-09-28/fork-q4-65k-ngram8-free-cgroup.txt,live-2026-09-28/fork-q4-65k-ngram8-free-cgroup.txt,f4d1a5357c365cf20933bf06fedfac5275652ad16a9619feef9474fce771be96,f4d1a5357c365cf20933bf06fedfac5275652ad16a9619feef9474fce771be96,217,False
data/raw/flashnext-nextbench-2026-09-28/fork-q4-65k-ngram8-free-free-follow.json,live-2026-09-28/fork-q4-65k-ngram8-free-free-follow.json,df14f0eede8969c71416af293cd9dc150f08ff3af1eb07681c40bcec097cff4e,df14f0eede8969c71416af293cd9dc150f08ff3af1eb07681c40bcec097cff4e,5342,False
data/raw/flashnext-nextbench-2026-09-28/fork-q4-65k-ngram8-free-free-prefill.json,live-2026-09-28/fork-q4-65k-ngram8-free-free-prefill.json,c77fe4eecbc1bfe7d1f011a2179c4a1c7750a623b62ce97167b7e92432cc3f97,c77fe4eecbc1bfe7d1f011a2179c4a1c7750a623b62ce97167b7e92432cc3f97,824,False
data/raw/flashnext-nextbench-2026-09-28/fork-q4-65k-range-base-cgroup.txt,live-2026-09-28/fork-q4-65k-range-base-cgroup.txt,8eba08f6dd456def46a53ab7a94145b1dea4eca87aa8a7b6f3c74b107c279d4c,8eba08f6dd456def46a53ab7a94145b1dea4eca87aa8a7b6f3c74b107c279d4c,159,False
data/raw/flashnext-nextbench-2026-09-28/fork-q4-65k-range-base-range-follow.json,live-2026-09-28/fork-q4-65k-range-base-range-follow.json,2e8c5bc8becda17f52c6c53a16396481fc753c82c06af5baf5bfc838ee1c2b0c,2e8c5bc8becda17f52c6c53a16396481fc753c82c06af5baf5bfc838ee1c2b0c,4546,False
data/raw/flashnext-nextbench-2026-09-28/fork-q4-65k-range-base-range-prefill.json,live-2026-09-28/fork-q4-65k-range-base-range-prefill.json,f5a86d6c3eb0c216aa5eace70cfc35804b0167da63be0cce64ae282fb407c293,f5a86d6c3eb0c216aa5eace70cfc35804b0167da63be0cce64ae282fb407c293,824,False
data/raw/flashnext-nextbench-2026-09-28/fork-q4-65k-range-ngram8-range-follow.json,live-2026-09-28/fork-q4-65k-range-ngram8-range-follow.json,6ad35b9f5b934078da4db8da28bc5c22bc1c7b8e8c32d6007e39ddfdbd57d8e7,6ad35b9f5b934078da4db8da28bc5c22bc1c7b8e8c32d6007e39ddfdbd57d8e7,4593,False
data/raw/flashnext-nextbench-2026-09-28/fork-q4-65k-range-ngram8-range-prefill.json,live-2026-09-28/fork-q4-65k-range-ngram8-range-prefill.json,dce20c56fce4b3ebe7e39b04c2479f4f05c5456de3ea80ab16a82f59563a218d,dce20c56fce4b3ebe7e39b04c2479f4f05c5456de3ea80ab16a82f59563a218d,823,False
data/raw/flashnext-nextbench-2026-09-28/fork-q4-65k-ub1024-fit2048-cgroup.txt,live-2026-09-28/fork-q4-65k-ub1024-fit2048-cgroup.txt,30006d268f5adcd66804ebd14595516a2f4029a2d0201717a2ac58ca17c6bf5a,30006d268f5adcd66804ebd14595516a2f4029a2d0201717a2ac58ca17c6bf5a,1440,False
data/raw/flashnext-nextbench-2026-09-28/fork-q4-65k-ub1024-fit2048-free-follow.json,live-2026-09-28/fork-q4-65k-ub1024-fit2048-free-follow.json,f882b9a99d6bc26d9e5dec067b1389150fa451cbee5905930139273b2fad885c,f882b9a99d6bc26d9e5dec067b1389150fa451cbee5905930139273b2fad885c,5315,False
data/raw/flashnext-nextbench-2026-09-28/fork-q4-65k-ub1024-fit2048-free-prefill.json,live-2026-09-28/fork-q4-65k-ub1024-fit2048-free-prefill.json,70580cd51dc6c8d1d228971b107710bcb90bbdb3a265072b3b03bbd2866b4a57,70580cd51dc6c8d1d228971b107710bcb90bbdb3a265072b3b03bbd2866b4a57,822,False
data/raw/flashnext-nextbench-2026-09-28/fork-q4-65k-ub1024-fit2048-repeat-follow.json,live-2026-09-28/fork-q4-65k-ub1024-fit2048-repeat-follow.json,04e044eac55e5e3117084aa98ef5cb2ea03ab095c6b873bd7d2660b44caad909,04e044eac55e5e3117084aa98ef5cb2ea03ab095c6b873bd7d2660b44caad909,3144,False
data/raw/flashnext-nextbench-2026-09-28/fork-q4-65k-ub1024-fit2048-repeat-prefill.json,live-2026-09-28/fork-q4-65k-ub1024-fit2048-repeat-prefill.json,597e113d0e7f8f9ad072779762a631a6824d3299264d6a805af10bc5fc06369a,597e113d0e7f8f9ad072779762a631a6824d3299264d6a805af10bc5fc06369a,826,False
data/raw/flashnext-nextbench-2026-09-28/fork-q4-65k-ub256-cgroup.txt,live-2026-09-28/fork-q4-65k-ub256-cgroup.txt,374f6fd3d90054f2934b38a7f3c155ef17d9a13e294a45b9095f39d8188864e4,374f6fd3d90054f2934b38a7f3c155ef17d9a13e294a45b9095f39d8188864e4,168,False
data/raw/flashnext-nextbench-2026-09-28/fork-q4-65k-ub256-free-follow.json,live-2026-09-28/fork-q4-65k-ub256-free-follow.json,5fe9c573f80a70f9cfe828875ec12ea9404d4b72498505250bdf031a80d85de7,5fe9c573f80a70f9cfe828875ec12ea9404d4b72498505250bdf031a80d85de7,5363,False
data/raw/flashnext-nextbench-2026-09-28/fork-q4-65k-ub256-free-prefill.json,live-2026-09-28/fork-q4-65k-ub256-free-prefill.json,5d01d5f01c2627264e8c84c274ea1cc2e832e148355cd89f9a1ad81727a88792,5d01d5f01c2627264e8c84c274ea1cc2e832e148355cd89f9a1ad81727a88792,823,False
data/raw/flashnext-nextbench-2026-09-28/fork-q4-65k-ub256-repeat-follow.json,live-2026-09-28/fork-q4-65k-ub256-repeat-follow.json,ed9173098754b68948e5c7c2f7c9adf623681b8b86c878a39f4936ca0456ddee,ed9173098754b68948e5c7c2f7c9adf623681b8b86c878a39f4936ca0456ddee,3144,False
data/raw/flashnext-nextbench-2026-09-28/fork-q4-65k-ub256-repeat-prefill.json,live-2026-09-28/fork-q4-65k-ub256-repeat-prefill.json,72edb6b0593fd988df3935f865a99e5f5ba337bdb3dc9281a32055eba2a3aef8,72edb6b0593fd988df3935f865a99e5f5ba337bdb3dc9281a32055eba2a3aef8,824,False
data/raw/flashnext-nextbench-2026-09-28/fork-q4-65k-ub512-after-follow-cgroup.txt,live-2026-09-28/fork-q4-65k-ub512-after-follow-cgroup.txt,041c99f8abf72a98f91581b913841b28e3fa9d227d91e527be3351b08d2fb122,041c99f8abf72a98f91581b913841b28e3fa9d227d91e527be3351b08d2fb122,159,False
data/raw/flashnext-nextbench-2026-09-28/fork-q4-65k-ub512-after-prefill-cgroup.txt,live-2026-09-28/fork-q4-65k-ub512-after-prefill-cgroup.txt,8a4fdcb716daa3deea02599be78a62846b3e818eed04f8913c903fa72517995c,8a4fdcb716daa3deea02599be78a62846b3e818eed04f8913c903fa72517995c,158,False
data/raw/flashnext-nextbench-2026-09-28/fork-q4-65k-ub512-cgroup.txt,live-2026-09-28/fork-q4-65k-ub512-cgroup.txt,63651895875f764860aa5b7d927fda6b8d39b36f620bc7735dee03a903803ffd,63651895875f764860aa5b7d927fda6b8d39b36f620bc7735dee03a903803ffd,1433,False
data/raw/flashnext-nextbench-2026-09-28/fork-q4-65k-ub512-free-follow.json,live-2026-09-28/fork-q4-65k-ub512-free-follow.json,9e86d4e19e2aabf6c3dfcc8d4540ac590432ee1f3a31407a579e35870d086074,9e86d4e19e2aabf6c3dfcc8d4540ac590432ee1f3a31407a579e35870d086074,5237,False
data/raw/flashnext-nextbench-2026-09-28/fork-q4-65k-ub512-free-prefill.json,live-2026-09-28/fork-q4-65k-ub512-free-prefill.json,d6345c5c70e7b58d436e28f47a5c16518bb4b356448baecc3b354ca864d68548,d6345c5c70e7b58d436e28f47a5c16518bb4b356448baecc3b354ca864d68548,824,False
data/raw/flashnext-nextbench-2026-09-28/fork-q4-65k-ub512-repeat-follow.json,live-2026-09-28/fork-q4-65k-ub512-repeat-follow.json,6964126b182d2d080402c6e433f932794cbaa11434240733e7e688375377de91,6964126b182d2d080402c6e433f932794cbaa11434240733e7e688375377de91,3143,False
data/raw/flashnext-nextbench-2026-09-28/fork-q4-65k-ub512-repeat-prefill.json,live-2026-09-28/fork-q4-65k-ub512-repeat-prefill.json,3ed4865b741dcc3df9913590e016c63b7fcd35cb8e55ee251566f79068330ef4,3ed4865b741dcc3df9913590e016c63b7fcd35cb8e55ee251566f79068330ef4,826,False
data/raw/flashnext-nextbench-2026-09-28/fork-q4-b512-ub128-mtp1-cgroup.txt,live-2026-09-28/fork-q4-b512-ub128-mtp1-cgroup.txt,f54ab1818600d9bf316c71b11c539e3c362a010b0ddd29460bf4a2de209ce049,f54ab1818600d9bf316c71b11c539e3c362a010b0ddd29460bf4a2de209ce049,244,False
data/raw/flashnext-nextbench-2026-09-28/fork-q4-b512-ub128-mtp1-free-follow.json,live-2026-09-28/fork-q4-b512-ub128-mtp1-free-follow.json,42287edf600d95d45c5a5b1c878e3ec04c507d5aef2c996f68e16af275d8ec32,42287edf600d95d45c5a5b1c878e3ec04c507d5aef2c996f68e16af275d8ec32,5421,False
data/raw/flashnext-nextbench-2026-09-28/fork-q4-b512-ub128-mtp1-free-prefill.json,live-2026-09-28/fork-q4-b512-ub128-mtp1-free-prefill.json,72398c679ca8aeb3f0f9c5d0450968b60faeea7619d832c4f9acc3dd9030b5ad,72398c679ca8aeb3f0f9c5d0450968b60faeea7619d832c4f9acc3dd9030b5ad,867,False
data/raw/flashnext-nextbench-2026-09-28/fork-q4-ub256-cgroup.txt,live-2026-09-28/fork-q4-ub256-cgroup.txt,5f4b9254f8cf664ad27bb9bc58e778aed8ec1c175a7e8b255090cc8975f9eb99,5f4b9254f8cf664ad27bb9bc58e778aed8ec1c175a7e8b255090cc8975f9eb99,168,False
data/raw/flashnext-nextbench-2026-09-28/fork-q4-ub256-free-follow.json,live-2026-09-28/fork-q4-ub256-free-follow.json,6bf1436f44e29fc6f1ecebc1923610f8ec62a689e4126c430e9cc7e8c8f22640,6bf1436f44e29fc6f1ecebc1923610f8ec62a689e4126c430e9cc7e8c8f22640,5295,False
data/raw/flashnext-nextbench-2026-09-28/fork-q4-ub256-free-prefill.json,live-2026-09-28/fork-q4-ub256-free-prefill.json,1a0c0bb0e1a6dc0eef977566d25683dd8c649c509b9db1d2d05e1009408f986b,1a0c0bb0e1a6dc0eef977566d25683dd8c649c509b9db1d2d05e1009408f986b,823,False
data/raw/flashnext-nextbench-2026-09-28/fork-q4-ub256-mtp1-cgroup.txt,live-2026-09-28/fork-q4-ub256-mtp1-cgroup.txt,4558fac4e2178501b3d86f542a36040a1309ea2aa6e110ba248a28b351c85eb7,4558fac4e2178501b3d86f542a36040a1309ea2aa6e110ba248a28b351c85eb7,219,False
data/raw/flashnext-nextbench-2026-09-28/fork-q4-ub256-mtp1-smoke.json,live-2026-09-28/fork-q4-ub256-mtp1-smoke.json,db7a22e05fba261ecc0e5ee37346beb61d3859e8a77dd59f92aff54c4c356622,db7a22e05fba261ecc0e5ee37346beb61d3859e8a77dd59f92aff54c4c356622,850,False
data/raw/flashnext-nextbench-2026-09-28/fork-q4-ub256-repeat-follow.json,live-2026-09-28/fork-q4-ub256-repeat-follow.json,1966cea68e3f715d6949ce70b39684da989164a8feed1a272509b2be63a0fd69,1966cea68e3f715d6949ce70b39684da989164a8feed1a272509b2be63a0fd69,3144,False
data/raw/flashnext-nextbench-2026-09-28/fork-q4-ub256-repeat-prefill.json,live-2026-09-28/fork-q4-ub256-repeat-prefill.json,a8dde3bc58d2ca5a6a2999d126e5d8383b102decf44432d5a9b01e08f2056cb2,a8dde3bc58d2ca5a6a2999d126e5d8383b102decf44432d5a9b01e08f2056cb2,824,False
data/raw/flashnext-nextbench-2026-09-28/fork-q4-ub512-fit2048-cgroup.txt,live-2026-09-28/fork-q4-ub512-fit2048-cgroup.txt,0e8d195ed848aeb1459fdddd634fe1b0a63a0c5a495a6986f15700d7f536fff9,0e8d195ed848aeb1459fdddd634fe1b0a63a0c5a495a6986f15700d7f536fff9,168,False
data/raw/flashnext-nextbench-2026-09-28/fork-q4-ub512-fit2048-free-follow.json,live-2026-09-28/fork-q4-ub512-fit2048-free-follow.json,053eaa6cbc295fdea8ccb20523a8f830a1d5caef06143ac8baf179079b0c2b35,053eaa6cbc295fdea8ccb20523a8f830a1d5caef06143ac8baf179079b0c2b35,5267,False
data/raw/flashnext-nextbench-2026-09-28/fork-q4-ub512-fit2048-free-prefill.json,live-2026-09-28/fork-q4-ub512-fit2048-free-prefill.json,11849738d8849459a75475eb385cc6f9f95c2512441c08cad86a85f27e7df2d4,11849738d8849459a75475eb385cc6f9f95c2512441c08cad86a85f27e7df2d4,823,False
data/raw/flashnext-nextbench-2026-09-28/fork-q4-ub512-fit2048-repeat-follow.json,live-2026-09-28/fork-q4-ub512-fit2048-repeat-follow.json,25ad7096ed0de6fdb819cb6e9f55c105ce5fc20ac9e81b4a94630df44c28841f,25ad7096ed0de6fdb819cb6e9f55c105ce5fc20ac9e81b4a94630df44c28841f,3145,False
data/raw/flashnext-nextbench-2026-09-28/fork-q4-ub512-fit2048-repeat-prefill.json,live-2026-09-28/fork-q4-ub512-fit2048-repeat-prefill.json,5202ac0debacbd45ba52c1fdcc259d0e103b5ad74958c9cad09932a617538339,5202ac0debacbd45ba52c1fdcc259d0e103b5ad74958c9cad09932a617538339,824,False
data/raw/flashnext-nextbench-2026-09-28/fork-q4-ub512-ngram8-cgroup.txt,live-2026-09-28/fork-q4-ub512-ngram8-cgroup.txt,47b83f1fc4be4b9bafe24bb9aa0844998453f65ec9936e9d59924a273dae9183,47b83f1fc4be4b9bafe24bb9aa0844998453f65ec9936e9d59924a273dae9183,229,False
data/raw/flashnext-nextbench-2026-09-28/fork-q4-ub512-ngram8-free-follow.json,live-2026-09-28/fork-q4-ub512-ngram8-free-follow.json,d0427a1423cb490da4484199d9e8069436866377f9511e6dfb211179cb3f383f,d0427a1423cb490da4484199d9e8069436866377f9511e6dfb211179cb3f383f,5278,False
data/raw/flashnext-nextbench-2026-09-28/fork-q4-ub512-ngram8-free-prefill.json,live-2026-09-28/fork-q4-ub512-ngram8-free-prefill.json,391c1b5a821a3054fcb97c73bd00b0f9bb919aebef09443b5db6dd7c8177444f,391c1b5a821a3054fcb97c73bd00b0f9bb919aebef09443b5db6dd7c8177444f,824,False
data/raw/flashnext-nextbench-2026-09-28/fork-q4-ub512-ngram8-repeat-follow.json,live-2026-09-28/fork-q4-ub512-ngram8-repeat-follow.json,13f030b66eae7023df123ff74d74dd43a6667f69e142d2614cc045ef9d19a2e0,13f030b66eae7023df123ff74d74dd43a6667f69e142d2614cc045ef9d19a2e0,3143,False
data/raw/flashnext-nextbench-2026-09-28/fork-q4-ub512-ngram8-repeat-prefill.json,live-2026-09-28/fork-q4-ub512-ngram8-repeat-prefill.json,2ee310211dfd57b816914d35d13c9999a1149a24de97c3aa96eea27598ff56ee,2ee310211dfd57b816914d35d13c9999a1149a24de97c3aa96eea27598ff56ee,823,False
data/raw/flashnext-nextbench-2026-09-28/upstream-q4-65k-ub1024-fit2048-cgroup.txt,live-2026-09-28/upstream-q4-65k-ub1024-fit2048-cgroup.txt,237fa8aa601471b81d23e48f67e59adb18c5ba16a63b35050e0a3b5c0d081ed7,237fa8aa601471b81d23e48f67e59adb18c5ba16a63b35050e0a3b5c0d081ed7,1448,False
data/raw/flashnext-nextbench-2026-09-28/upstream-q4-65k-ub1024-fit2048-free-follow.json,live-2026-09-28/upstream-q4-65k-ub1024-fit2048-free-follow.json,45f2f0441d8998504751e8568eed44ef38669903f987aa0a7fcadc88b3512c30,45f2f0441d8998504751e8568eed44ef38669903f987aa0a7fcadc88b3512c30,5378,False
data/raw/flashnext-nextbench-2026-09-28/upstream-q4-65k-ub1024-fit2048-free-prefill.json,live-2026-09-28/upstream-q4-65k-ub1024-fit2048-free-prefill.json,f0297912f836602e2cdc001ea2c76f4495034dfe76380abe3321831b92425a3e,f0297912f836602e2cdc001ea2c76f4495034dfe76380abe3321831b92425a3e,824,False
data/raw/flashnext-nextbench-2026-09-28/upstream-q4-65k-ub1024-fit2048-repeat-follow.json,live-2026-09-28/upstream-q4-65k-ub1024-fit2048-repeat-follow.json,a54313c51670aa37392766587a9e0b23e49a8544a31e83c7d669e973b73f5a9d,a54313c51670aa37392766587a9e0b23e49a8544a31e83c7d669e973b73f5a9d,3142,False
data/raw/flashnext-nextbench-2026-09-28/upstream-q4-65k-ub1024-fit2048-repeat-prefill.json,live-2026-09-28/upstream-q4-65k-ub1024-fit2048-repeat-prefill.json,9c42f4e5c2d2f7dec2f96f3704b5696bfc08585dc08a900c74334568e4b7859d,9c42f4e5c2d2f7dec2f96f3704b5696bfc08585dc08a900c74334568e4b7859d,823,False
data/raw/flashnext-nextbench-2026-09-28/fork-q4-32k-mtp2-full-free-follow.json,live-2026-09-28/fork-q4-32k-mtp2-full-free-follow.json,37096c8a3729774c9d952417110a2dbd8865809c1b591f5018d22111324e6cea,37096c8a3729774c9d952417110a2dbd8865809c1b591f5018d22111324e6cea,5220,False
data/raw/flashnext-nextbench-2026-09-28/fork-q4-32k-mtp2-full-free-prefill.json,live-2026-09-28/fork-q4-32k-mtp2-full-free-prefill.json,a7b17a796250e0347d54401cd39cbf2e72e49041dcdb1c6677696a0e83fe0e46,a7b17a796250e0347d54401cd39cbf2e72e49041dcdb1c6677696a0e83fe0e46,868,False
data/raw/flashnext-nextbench-2026-09-28/fork-q4-32k-mtp2-full-memory-events.txt,live-2026-09-28/fork-q4-32k-mtp2-full-memory-events.txt,80112c90934f92be03a5fc625959672a33eb2f2269640b809d799a7557d9a5c6,80112c90934f92be03a5fc625959672a33eb2f2269640b809d799a7557d9a5c6,70,False
data/raw/flashnext-nextbench-2026-09-28/fork-q4-32k-mtp2-full-memory-peak.txt,live-2026-09-28/fork-q4-32k-mtp2-full-memory-peak.txt,478011ea22c631200ed2a763450cdce51ffbd267bb3d5ed7f511b6609c95d0ec,478011ea22c631200ed2a763450cdce51ffbd267bb3d5ed7f511b6609c95d0ec,12,False
data/raw/flashnext-nextbench-2026-09-28/fork-q4-32k-mtp2-full-swap-peak.txt,live-2026-09-28/fork-q4-32k-mtp2-full-swap-peak.txt,2b4272490fe4df5f4449cee0dfc8e275550f278297665b155b0e2cf701c7d9da,2b4272490fe4df5f4449cee0dfc8e275550f278297665b155b0e2cf701c7d9da,10,False
data/raw/flashnext-nextbench-2026-09-28/fork-q4-32k-mtp3-full-free-follow.json,live-2026-09-28/fork-q4-32k-mtp3-full-free-follow.json,1c93e50ced3de961c97b6dc9d0c173334e2cd3e1739c1d9e6f4eb885f498f164,1c93e50ced3de961c97b6dc9d0c173334e2cd3e1739c1d9e6f4eb885f498f164,5398,False
data/raw/flashnext-nextbench-2026-09-28/fork-q4-32k-mtp3-full-free-prefill.json,live-2026-09-28/fork-q4-32k-mtp3-full-free-prefill.json,3d0a2e808f65ecaa0360c90d295b44fbdf3bdffd332e054903c9e26bfc4b1e13,3d0a2e808f65ecaa0360c90d295b44fbdf3bdffd332e054903c9e26bfc4b1e13,868,False
data/raw/flashnext-nextbench-2026-09-28/fork-q4-32k-mtp3-full-memory-events.txt,live-2026-09-28/fork-q4-32k-mtp3-full-memory-events.txt,5add814a540c16541447b32883db28bd30073afa702292ef6de366eaafbacac5,5add814a540c16541447b32883db28bd30073afa702292ef6de366eaafbacac5,71,False
data/raw/flashnext-nextbench-2026-09-28/fork-q4-32k-mtp3-full-memory-peak.txt,live-2026-09-28/fork-q4-32k-mtp3-full-memory-peak.txt,68b137ca578094c0eff2db8ba84a7dc32bede6d252be03de36b508fcee66c83e,68b137ca578094c0eff2db8ba84a7dc32bede6d252be03de36b508fcee66c83e,12,False
data/raw/flashnext-nextbench-2026-09-28/fork-q4-32k-mtp3-full-swap-peak.txt,live-2026-09-28/fork-q4-32k-mtp3-full-swap-peak.txt,6d5328d1632b91961ab1e6b23c9d8c0662f7c2fdf7c5f156b6cef0c722786581,6d5328d1632b91961ab1e6b23c9d8c0662f7c2fdf7c5f156b6cef0c722786581,11,False
data/raw/flashnext-nextbench-2026-09-28/fork-q4-32k-mtp3-smoke.json,live-2026-09-28/fork-q4-32k-mtp3-smoke.json,5ec2413fe9a3ef60c5452b9a913e2c24b87b75f0470e7755d07f047b482822b8,5ec2413fe9a3ef60c5452b9a913e2c24b87b75f0470e7755d07f047b482822b8,853,False
data/raw/flashnext-expert-cache-2026-09-29/rocm32-base-free-follow.json,flashnext-expert-cache-2026-09-28/rocm32-base-free-follow.json,7c41d43b3f7f21aa95dc656e530bd21f6d37aa70006fcb6eb494c0f3abbfe36a,7c41d43b3f7f21aa95dc656e530bd21f6d37aa70006fcb6eb494c0f3abbfe36a,5359,False
data/raw/flashnext-expert-cache-2026-09-29/rocm32-base-free-prefill.json,flashnext-expert-cache-2026-09-28/rocm32-base-free-prefill.json,a99175f2a296c52ac7f6a9f5d817c5a52fbfab8273b988451b438ec3307702a8,a99175f2a296c52ac7f6a9f5d817c5a52fbfab8273b988451b438ec3307702a8,824,False
data/raw/flashnext-expert-cache-2026-09-29/rocm32-k16-free-follow.json,flashnext-expert-cache-2026-09-28/rocm32-k16-free-follow.json,ec6bfa81ea2e6e59c18442af85d3ef75b7c18870187f1270ea1d7b9f98bc00ac,ec6bfa81ea2e6e59c18442af85d3ef75b7c18870187f1270ea1d7b9f98bc00ac,5324,False
data/raw/flashnext-expert-cache-2026-09-29/rocm32-k16-free-prefill.json,flashnext-expert-cache-2026-09-28/rocm32-k16-free-prefill.json,d1d92660a7a90bbab099de3d31be7af564b0106d77854dc3dff48bfe1984ec8a,d1d92660a7a90bbab099de3d31be7af564b0106d77854dc3dff48bfe1984ec8a,824,False
data/raw/flashnext-expert-cache-2026-09-29/rocm32-k32-free-follow.json,flashnext-expert-cache-2026-09-28/rocm32-k32-free-follow.json,78cafa33463840ae64ca4f136d92f89b7d57716623cc160765574420f97e5ff3,78cafa33463840ae64ca4f136d92f89b7d57716623cc160765574420f97e5ff3,5337,False
data/raw/flashnext-expert-cache-2026-09-29/rocm32-k32-free-prefill.json,flashnext-expert-cache-2026-09-28/rocm32-k32-free-prefill.json,bd62819138bf2f9366596cb378790585ba948feff7f3bfc5bb23d3ce75b3b3c1,bd62819138bf2f9366596cb378790585ba948feff7f3bfc5bb23d3ce75b3b3c1,822,False
data/raw/flashnext-expert-cache-2026-09-29/rocm65-base-free-follow.json,flashnext-expert-cache-2026-09-28/rocm65-base-free-follow.json,ec8ba6d61ed25cf469e36daf169454fe7d1842621d2c066bc78d650ab5615e0c,ec8ba6d61ed25cf469e36daf169454fe7d1842621d2c066bc78d650ab5615e0c,4803,False
data/raw/flashnext-expert-cache-2026-09-29/rocm65-base-free-prefill.json,flashnext-expert-cache-2026-09-28/rocm65-base-free-prefill.json,66772eba6b68d69b5e327ac039d1d6c1639857c4f7d0e50ee82fb9bcdb6f83a6,66772eba6b68d69b5e327ac039d1d6c1639857c4f7d0e50ee82fb9bcdb6f83a6,824,False
data/raw/flashnext-expert-cache-2026-09-29/rocm65-k16-free-follow.json,flashnext-expert-cache-2026-09-28/rocm65-k16-free-follow.json,66af32b9c1b6557185552e06ec52ba458ed59feea200b4cabb04ee873c15812b,66af32b9c1b6557185552e06ec52ba458ed59feea200b4cabb04ee873c15812b,5242,False
data/raw/flashnext-expert-cache-2026-09-29/rocm65-k16-free-prefill.json,flashnext-expert-cache-2026-09-28/rocm65-k16-free-prefill.json,2c058a2f3de7ba9e91dce1db2957987720729f5554963a0f2c8f8382b1ddc980,2c058a2f3de7ba9e91dce1db2957987720729f5554963a0f2c8f8382b1ddc980,824,False
data/raw/flashnext-expert-cache-2026-09-29/rocm65-k32-free-follow.json,flashnext-expert-cache-2026-09-28/rocm65-k32-free-follow.json,818036561cb82c4b3d384697d74a4362a09b442bb385c3cfb8b9097d6cc8e0db,818036561cb82c4b3d384697d74a4362a09b442bb385c3cfb8b9097d6cc8e0db,5287,False
data/raw/flashnext-expert-cache-2026-09-29/rocm65-k32-free-prefill.json,flashnext-expert-cache-2026-09-28/rocm65-k32-free-prefill.json,58f8b53094f10b8c3c7789555719d00b6e2826d3a626ea2ec8e8bb947ce44a8e,58f8b53094f10b8c3c7789555719d00b6e2826d3a626ea2ec8e8bb947ce44a8e,823,False
data/raw/flashnext-expert-cache-2026-09-29/rocm65-k32-normal-free-follow.json,flashnext-expert-cache-2026-09-28/rocm65-k32-normal-free-follow.json,0dc9e3ce84deed0d40c93a3ab8334d7bb0b72c9b93e637f6d703bfdbef716c72,0dc9e3ce84deed0d40c93a3ab8334d7bb0b72c9b93e637f6d703bfdbef716c72,5332,False
data/raw/flashnext-expert-cache-2026-09-29/rocm65-k32-normal-free-prefill.json,flashnext-expert-cache-2026-09-28/rocm65-k32-normal-free-prefill.json,4feea79c5be55cba0a384f9869be205b4dfeaddc8cc922e05cc615a68eac4f2f,4feea79c5be55cba0a384f9869be205b4dfeaddc8cc922e05cc615a68eac4f2f,822,False
data/raw/flashnext-expert-cache-2026-09-29/rocm65-k48-free-follow.json,flashnext-expert-cache-2026-09-28/rocm65-k48-free-follow.json,48c6d0ac703e043b051b59b398c1500e2553c1e94dda33bc42a570a920bcc36b,48c6d0ac703e043b051b59b398c1500e2553c1e94dda33bc42a570a920bcc36b,5320,False
data/raw/flashnext-expert-cache-2026-09-29/rocm65-k48-free-prefill.json,flashnext-expert-cache-2026-09-28/rocm65-k48-free-prefill.json,b612d0cef7d9e208aafe7cb339d4cd5438ae28715f18cae8e878b239600f662c,b612d0cef7d9e208aafe7cb339d4cd5438ae28715f18cae8e878b239600f662c,822,False
data/raw/flashnext-expert-cache-2026-09-29/rocm65-k32-vramcheck.json,flashnext-expert-cache-2026-09-28/rocm65-k32-vramcheck.json,ab9036add77d98ebc496ea813badabf25c682f169d6e45757a1997e184ae2edd,ab9036add77d98ebc496ea813badabf25c682f169d6e45757a1997e184ae2edd,553,False
data/raw/flashnext-vulkan-nohost-2026-09-29/vulkan32-nohost-free-follow.json,flashnext-vulkan-nohost-2026-09-29/vulkan32-nohost-free-follow.json,6e0707bf7f7e779ef13e6a7328e6b49a802e063666ee967e53d480faba56bade,6e0707bf7f7e779ef13e6a7328e6b49a802e063666ee967e53d480faba56bade,5344,False
data/raw/flashnext-vulkan-nohost-2026-09-29/vulkan32-nohost-free-prefill.json,flashnext-vulkan-nohost-2026-09-29/vulkan32-nohost-free-prefill.json,fc52c56665647bcca804cfa0ceca4f5ab7a00ef0eaef136e3c4adb48d3955cce,fc52c56665647bcca804cfa0ceca4f5ab7a00ef0eaef136e3c4adb48d3955cce,822,False
data/raw/flashnext-vulkan-nohost-2026-09-29/vulkan65-nohost-free-follow.json,flashnext-vulkan-nohost-2026-09-29/vulkan65-nohost-free-follow.json,ca18a67927c773f47cfe19cd6a0f8c99ecdb47d969c5f88667aecfab0b1aeefa,ca18a67927c773f47cfe19cd6a0f8c99ecdb47d969c5f88667aecfab0b1aeefa,5304,False
data/raw/flashnext-vulkan-nohost-2026-09-29/vulkan65-nohost-free-prefill.json,flashnext-vulkan-nohost-2026-09-29/vulkan65-nohost-free-prefill.json,ac4569154b8f3d70495b9c84a68acc331eba1139c2d783bce7122f6b5983b534,ac4569154b8f3d70495b9c84a68acc331eba1139c2d783bce7122f6b5983b534,825,False
data/raw/flashnext-q8-65k-2026-09-29/q8-fit3072-free-prefill.json,flashnext-q8-65k-2026-09-29/q8-fit3072-free-prefill.json,9e0ecfef168335c10549af16c015a1894602d9a6578627cf5bd2e7c987b9ecad,83b0dbd7a2f6fe07b76fde2dab88ecd1dfb0d5c2b3a1be8985d6e1ca14130990,840,True
data/raw/flashnext-q8-65k-2026-09-29/q8-fit3072-free-follow.json,flashnext-q8-65k-2026-09-29/q8-fit3072-free-follow.json,c1f825c5b82071a4c064ab492383ac59c70fcfb635135a0950be62d738dabfd9,7eaecaaff5d575dc1e0ff4895c027ccb756e40ebecf4c454d905a0925ca7157d,5307,True
data/raw/flashnext-q8-65k-2026-09-29/q8-k16-fit2560-free-prefill.json,flashnext-q8-65k-2026-09-29/q8-k16-fit2560-free-prefill.json,3902d20fb126ddf0bd075f58fc880c1e2b16ff2840b65c7afaa198961c6174dc,9e19027f51344f6c820d634fe6f3ea5c4a1559791efff34703f81ec77e87a1c2,839,True
data/raw/flashnext-q8-65k-2026-09-29/q8-k16-fit2560-free-follow.json,flashnext-q8-65k-2026-09-29/q8-k16-fit2560-free-follow.json,a92e92d36e7b4c2a57722c6bf29d0c1a2c4c169125856ba444a17a81e4c958d9,039146a039b201a55b0964fbcd688e3ac65ae290faa3d57d2fde81a9ad26e05b,5310,True
data/raw/flashnext-q8-65k-2026-09-29/q8-k8-fit2048-free-prefill.json,flashnext-q8-65k-2026-09-29/q8-k8-fit2048-free-prefill.json,065878ed6604f1cad884eacd1f2fc283669ea5453d937a66350171f083547178,f8817028d48bcb04314a449d054c69c378356464e15c9e95ef06f01cc6317109,840,True
data/raw/flashnext-q8-65k-2026-09-29/q8-k8-fit2048-free-follow.json,flashnext-q8-65k-2026-09-29/q8-k8-fit2048-free-follow.json,1ad80828f2c22fcb66de18e5a9319d6c75fe70643fa782539f462abf2d3a652f,e25f8d604d3de3550cbaf48f0bca5409a2c4d995510e0e15ce8b32cc19004ac1,5226,True
data/raw/flashnext-q8-65k-2026-09-29/q8-k12-fit2048-free-prefill.json,flashnext-q8-65k-2026-09-29/q8-k12-fit2048-free-prefill.json,d2156ad6f73774d3be4125e1e72963600579ea0203b825cd6fb5f9c6879a99d4,5ef5187e0c3ddb716b36cfcd8fe9631062c36fd81ab4514bb5617e1be581a682,841,True
data/raw/flashnext-q8-65k-2026-09-29/q8-k12-fit2048-free-follow.json,flashnext-q8-65k-2026-09-29/q8-k12-fit2048-free-follow.json,30a87c4ff13dd753ce5b0f718bb474f8100a0712bc57ef23087e4126bcee11fa,81b3323fe7718196998ccff368c4395f754927e8856a7bb2c9d226cdb24510c1,5260,True
data/raw/exl3-retest-2026-09-30/candidate-local.patch,exl3-retest-2026-09-30/candidate-validated.patch,61090b327892397a6a5ef3267e54eb246b487dd8a8b77c46608669c081923764,61090b327892397a6a5ef3267e54eb246b487dd8a8b77c46608669c081923764,4525,False
data/raw/exl3-retest-2026-09-30/cases-summary.json,exl3-retest-2026-09-30/results/cases.jsonl,0cdf3295fda2ccea224b852d9ddc6a52e382cf7a4e92e953fec0bc2f6d011ab0,98bab94137b79acf1f9652b5bfc553c72b066fa2c99bf5b84a25b578e592f48a,2113,True
data/raw/exl3-retest-2026-09-30/decode-check.json,exl3-retest-2026-09-30/results/decode-check.json,befb707c395347815723346b36827967efe94c70e3d8a0a7ee8f7e9aa9ac5879,9776f344144cf77ad680f97738cd9f0b941086a48099dc76a128eac2ac1aeb29,1100,True
data/raw/exl3-retest-2026-09-30/hgemm-check.txt,exl3-retest-2026-09-30/results/hgemm-check.log,58cca14cc612eb2048be6510df7423a104924438598d0eba87c2b49ef936a03a,58cca14cc612eb2048be6510df7423a104924438598d0eba87c2b49ef936a03a,702,False
data/raw/exl3-retest-2026-09-30/mgemv-single-layer.txt,exl3-retest-2026-09-30/results/mgemv-single-layer.log,d4907bcdbdc06d4d20f6b617caee7a6b9476211c91ea9617b80e99c7a87b993e,d4907bcdbdc06d4d20f6b617caee7a6b9476211c91ea9617b80e99c7a87b993e,1178,False
data/raw/exl3-retest-2026-09-30/moe-fp32-single-layer-seeded.txt,exl3-retest-2026-09-30/results/moe-fp32-single-layer-seeded.log,e53629ae0806c3b48c67caeeb20e3c6c2a2e108a160af859598efff06d6f1288,e53629ae0806c3b48c67caeeb20e3c6c2a2e108a160af859598efff06d6f1288,1214,False
data/raw/exl3-retest-2026-09-30/native-gguf-off-no-cache.json,exl3-retest-2026-09-30/results/native-gguf-off-no-cache.json,76c20ebd729dba317644c168d0e90df2a936b3693094ae03d187bd911798e91b,4aec3a5bc62defe8383d94deadbffbbc612cd0e58a498b8b8482359d8681ade9,708,True
data/raw/exl3-retest-2026-09-30/native-gguf-on-cold.json,exl3-retest-2026-09-30/results/native-gguf-on-cold.json,3267b2095bafbcf808033c9cbd4b4c7b49f1abad7506d46f59472645d52f5a98,70df20296dde3e320143bc51dd1e62f74521ac0e9077b608913a7df336ab176c,706,True
data/raw/exl3-retest-2026-09-30/native-on-c1024-cached.json,exl3-retest-2026-09-30/results/native-on-c1024-cached.json,d5f6c41db4146558f8873d2e858f5c38e0e32904cd7ad390169e5d7a0bc329a2,9194ccde089f89d1a140404b26ba88229d62c354c0a82e17e0a7e7fa92f8c450,608,True
data/raw/exl3-retest-2026-09-30/native-on-c2048-cold.json,exl3-retest-2026-09-30/results/native-on-c2048-cold.json,347c73fe1e668801bf67dcab623d00f4e0a0579aaaa30148f012f1c46f132785,7d98297a3d11fd70c1504071888b242d1a40c8357a8abad81cb220a333ceeda7,608,True
data/raw/exl3-retest-2026-09-30/native-on-c2048-mcs288-rcs05-cold.json,exl3-retest-2026-09-30/results/native-on-c2048-mcs288-rcs05-cold.json,2c1fc0c495e2abc1416f34932e668621055e28713a4ab18ffaf040f06e54a7ff,f83b94d1731f00671b11b3a25b93592de6e678a56d03856c70ffaf6437b9cf96,609,True
data/raw/exl3-retest-2026-09-30/native-on-c2048-mcs288-rcs05-splitfused0-cold.json,exl3-retest-2026-09-30/results/native-on-c2048-mcs288-rcs05-splitfused0-cold.json,041ce71b64f4e6020662f741a8764548c9e24634651b8af61961bc3548ff298a,6c9148e012fcfa46feb48a7572a70293566e9feabe21c7357f8752ad67556d35,608,True
data/raw/exl3-retest-2026-09-30/reconstruct.txt,exl3-retest-2026-09-30/results/reconstruct.log,0958dd11cc17251d955574a1f4139925715829f7f63d792b95e538720698dfd0,0958dd11cc17251d955574a1f4139925715829f7f63d792b95e538720698dfd0,658,False
data/raw/exl3-retest-2026-09-30/replay-off-1.json,exl3-retest-2026-09-30/results/replay-off-1.json,52c31d55686a1896b4f37aabce5dedad44a0426553237b25f7673744514fd144,8622f06e3ea9d4435ddb55e81ffcea37fd7d90d215fc5db32c4dd8de26a5a98f,334,True
data/raw/exl3-retest-2026-09-30/replay-on-c1024-cold.json,exl3-retest-2026-09-30/results/replay-on-c1024-cold.json,652dc1c4263b8c75683deaff48aa9a2b3d77c9d7bf2a08ad559569ee43b8a77c,4c699715fee45f0171fa22d402558695b616ce43ebdfeb40a0a5bd844518de66,334,True
data/raw/exl3-retest-2026-09-30/replay-on-c2048-no-history.json,exl3-retest-2026-09-30/results/replay-on-c2048-no-history.json,364659fd1149204eb88e5405c9220bc8f0f721a51148ae2ee256899688982f15,58b116f0ab178ae46bf3822056de42e2a3345266f70aa4bdc962214ff45d8e89,334,True
data/raw/exl3-retest-2026-09-30/replay-on-cached-1.json,exl3-retest-2026-09-30/results/replay-on-cached-1.json,1b2d843c38cc6b8321814dceda4d9e8916213f1606f77a604d6c9addb69662b0,d69fae6f50d1aae66b0cb0d15e308169ad681aeec4aa1c81d7ccadd456ef9cae,332,True
data/raw/exl3-retest-2026-09-30/resource-summary.json,exl3-retest-2026-09-30/results/resource-summary.json,a9a088c34b0995523b277c3495cd4701b02f24078f0af9db5b96f6c2727ce52d,1ea6d6fcf9e098048b90a30366221feab36a2a5a80e420153587ea1437c8f782,474,True
data/raw/exl3-retest-2026-09-30/runtime-versions.json,exl3-retest-2026-09-30/results/runtime-versions.json,2f12577f8cb11b666fcbe42e1f6dc2ae7e833bc766e0f5c33627c01f33ed98b5,3bd83598cf602db7c5eabb50a8901f0771161ac86c7f60fb4f250e23b3a90f4c,240,True
data/raw/exl3-retest-2026-09-30/smoke-arithmetic-off.json,exl3-retest-2026-09-30/results/smoke-arithmetic-off.json,310f82de8ea8d31c74e273dd2beeb78d9802530bac13a1266bc4efc596097f72,d9b3a6681eb0cd5ede2cbe36672eb9ee41655621b9e5e319fc8bd7694bccd70f,327,True
data/raw/exl3-retest-2026-09-30/smoke-arithmetic-on.json,exl3-retest-2026-09-30/results/smoke-arithmetic-on.json,25d80b9796e11bcbf27b9ceeee92e5da6c1c3e4422e543c7f1dbeddf466b4013,5b6f5f87020736c4db1299ad02b293a4a2e0f4cc22809ee5acd7291aaf4796bd,329,True
data/raw/exl3-retest-2026-09-30/template-check.json,exl3-retest-2026-09-30/results/template-check.json,463f400d8299df79b388e4ac2e18cbb7cb18617e68492d2549d2c4c86b4a23d2,ebfb5d2a6da5738e6805aa03298b279ed504caefe3fa3bd0aa863f8d64fe21bf,1341,True
data/raw/exl3-retest-2026-09-30/upstream-LICENSE.txt,CarouselAether-rocm_exl3-dd7a670/LICENSE,27a32b6263fcd96c79d3beeecf221c4366780bdf15ad51986f48650bd7369bff,27a32b6263fcd96c79d3beeecf221c4366780bdf15ad51986f48650bd7369bff,1065,False
data/raw/exl3-native-fix-2026-09-30/quality5-gate-check.json,quality5-evidence/quality5-gate-check.json,430d79b9e086e8a9609ee99f92821abed2616b6e6107cd222f2d09449233c929,1bb055187ca4fe0fe433a393d016591b0544fa23410f9eac93bfa05da0bfbfca,19747,True
data/raw/exl3-native-fix-2026-09-30/quality5-components.json,quality5-evidence/quality5-components.json,38f2612a173eb2832801f45febec3951d24e76fc8338bb919dafd7979c0038fb,5d0a36da0db82c6cfa8216a63aa69e804b5bb6ab87048738d2ac4b2ee038e76a,2769,True
data/raw/exl3-native-fix-2026-09-30/quality5-build-verification.json,quality5-evidence/quality5-build-verification.json,2262d7c270cd0a992d3de07af5d81eb4269aa071aca0103d2f2fff75bd056713,11c183dbd57a55a6654efe3803195965928b23c0db98ef049aee8d548814e64a,205,True
data/raw/exl3-native-fix-2026-09-30/quality5-gate.patch,quality5-evidence/quality5-gate.patch,f40dc0edbc9d039c20143edb6337bde1b3fc12cc5a833bc13eab24e1fea5a9cd,f40dc0edbc9d039c20143edb6337bde1b3fc12cc5a833bc13eab24e1fea5a9cd,526,False
data/raw/exl3-native-fix-2026-09-30/quality5-suite.json,quality5-evidence/quality5-suite.json,defec78ce5763c420f83963db9a9cc6caba9775f7c30d8892285d9525279a7bb,3f23688953948e9806287468d54f413a529cc280414e6ab4bff29d6e2b4d235c,6760,True
data/raw/exl3-native-fix-2026-09-30/quality4-gate-kernel.json,quality4-evidence/quality4-gate-kernel.json,440cdeccda8dd7813f392c29bcdeefbb98aa013c991b6fc6912940db8cdc3ec4,995736ccfcaec22ca5e08f504d1d7503afbd8c725168e09f52cf2d61e43b0da7,6474,True
data/raw/exl3-native-fix-2026-09-30/quality6-direct-summary.json,quality6-evidence/quality6-direct-summary.json,457d78625e86cd413a07b47b554d9c20ff6b94deae69e95fe44d4692dcbed4d9,7bd8d420cd38ad8d9c221806f1d7a7c24d1e9ba083505681a0159287bd77f4b3,2556,True
data/raw/exl3-native-fix-2026-09-30/quality6-pp.json,quality6-evidence/quality6-pp.json,8d95b76ac041089b67226462d1dad5e4ded846e34119bfcbf7e29213fe5107ac,706124b92b2523f3b9456f08fd62ed1650bd513014b010bc6821da3c2a626b84,10844,True
data/raw/exl3-native-fix-2026-09-30/quality6-resource-summary.json,quality6-evidence/quality6-resource-summary.json,357c9c2926df5c557e598bd6222472a7e944d013af690a0b8448412295b5f5d4,dad56241549a07e2f63679053bdcd9b25f674533d34243fdcc2095ad6db3a87a,567,True
data/raw/exl3-native-fix-2026-09-30/quality7-long-32768-valid.json,quality7-evidence/quality7-long-32768-valid.json,4f4293f3c20181530224627f3f9e5d4dee60daf11ea0bf8ef065808d371d9fec,1e83379c2affe5a812f1f8f24ca23cfc5bceb5fdbd8c252a9e226ef83601a754,1720,True
data/raw/exl3-native-fix-2026-09-30/quality7-long-65536-valid.json,quality7-evidence/quality7-long-65536-valid.json,d3ec22923786ca105b19e865f10d8f9c93f48521ecea12ad7041f8640c13347e,7d69dd94cafe2ca079a50a7be6d089d8ea98374fa2993ddf5c76a6928c06a7dc,1709,True
data/raw/exl3-native-fix-2026-09-30/quality7-pi-summary.json,quality7-evidence/quality7-pi-summary.json,9a416b20155cc100f15e1516afe49e85044b5eff491908bd6b67e2de79fa1207,74f630db6f0ea9b7b8f0febfc0201cb8d6a9a6f62bdceda139c83fa4686980fd,1578,True
data/raw/exl3-native-fix-2026-09-30/quality7-negative-summary.json,quality7-evidence/quality7-negative-summary.json,7b2b389d4c3e2442601a5983cb89f6dd7943840b985933bf91c043c4a80a2211,76e2b5c1d9824a93d4f0a14956d62a3d2a3f7785c9e91b5debad3a2e39151258,57,True
data/raw/exl3-native-fix-2026-09-30/quality7-api32-result.json,quality7-evidence/quality7-api32-result.json,91ce732c1018253524bf1631ce338acb31d820fc2005d3e315034fa25dfdc952,6cd3bb432804852ae67473876fe5f2e68b4afe01d9d209bd53d189b93ed4a09c,787,True
data/raw/exl3-native-fix-2026-09-30/quality7-api32-timings.ndjson,quality7-evidence/quality7-api32-timings.jsonl,26f7607855dbba6bfba70ee6f95a808124850db8ceeeef0d7a2ea9cf3b1fc02f,26f7607855dbba6bfba70ee6f95a808124850db8ceeeef0d7a2ea9cf3b1fc02f,163,False
data/raw/exl3-native-fix-2026-09-30/quality7-resource-summary.json,quality7-evidence/quality7-summary.json,7c89f99c49705c25555084045ef9eec54c837cbe04e0e46aebfd64e4817b8605,f7c14dab2f59b09459468fafea395606b6153bcd3fd3861bd6058b4a0c408748,191,True
data/raw/exl3-native-fix-2026-09-30/quality8-pi-summary.json,quality8-evidence/quality8-pi-summary.json,9774505483a4404346a627b19dab3ba503e19e956036164549608f56429fd651,9774505483a4404346a627b19dab3ba503e19e956036164549608f56429fd651,3176,False
data/raw/exl3-native-fix-2026-09-30/quality8-pi-timings.ndjson,quality8-evidence/quality8-timings.jsonl,1454700c65c6b5e3baed76431590294c0d1f03dc6e4bf0ad247310eec9f889d9,1454700c65c6b5e3baed76431590294c0d1f03dc6e4bf0ad247310eec9f889d9,2928,False
data/raw/exl3-native-fix-2026-09-30/quality8-pi-requests.ndjson,quality8-evidence/quality8-requests.jsonl,9f0f7e57e194466715cbfba425156bd56e6fcfa0d79430554bedfd0cb0ade3ad,9f0f7e57e194466715cbfba425156bd56e6fcfa0d79430554bedfd0cb0ade3ad,2997,False
data/raw/exl3-native-fix-2026-09-30/quality8-resource-summary.json,quality8-evidence/quality8-resources.jsonl,fb4bb812520fe5cad59856394bc39ad28db9802839288f6978bb374b16ad739d,b7c873dab4276f2dae6703a625304db85f08f6d6a348f9805823325d90b5671c,186,True
data/raw/exl3-pi32k-stability-2026-10-02/pi32k-summary.json,pi-adapter/evidence/20261002-32k-rcs125-malloc/results.md,d51acf6af1b8f8fc5be5fa728a8eec33bde54a4bbbfa4686fe2a82b59d3b6c73,1e83b5bc1f94b4c9e5fccc3102daa7cc2c80f756d8a8f340d88e97d8e9c8c466,3290,True
data/raw/exl3-pi32k-stability-2026-10-02/ram-growth-summary.json,pi-adapter/evidence/20261002-ram-growth-malloc/results.md,01b005634842a98f8ed94b6173a08a3fed350288aa73f5c47aa8e0a075796932,72140bf34b55b4ed1605274368063b94072bf92daf7bc9c0668e94bd8e9109f2,2103,True
data/raw/exl3-pi32k-stability-2026-10-02/gpu-fault-repro-summary.json,pi-adapter/evidence/20261001-gpu-fault-repro/results.md,841214ec2e9e2d54432a38096b38d289a406653aa84a57faf3760a896301ccdb,dcd7115d5ef3e1cd4f040cd783c752ff1430cc85d0ae5752045b1904b38c98d3,742,True
data/raw/exl3-pi32k-stability-2026-10-02/bcattn-off-summary.json,pi-adapter/evidence/20261001-bcattn-off/results.md,4d0c2ea517d0c9b5174ac569a32c8fb21cab11a3ea83bc529bd997c79f8aaa1a,d5ba4e714af72b5d184d47829d29e02a1f0e477b5f4efc591d1a1ee0a130ab0e,746,True
data/raw/exl3-pi32k-stability-2026-10-02/main-verify-summary.json,pi-adapter/evidence/20261002-upstream-main-verify/results.md,c4cd9b7d85b7c66f9203d34b059963ad59881a873dec1eed247494b2697c6641,ba5d917d59398adac7c9c4ed4efcd11e5520e014a463ac2e360dd4e8c724eeef,1236,True
data/raw/exl3-pi32k-stability-2026-10-02/shutdown-summary.json,shutdown-sigsegv/HANDOFF.md,2f4fd09ba98624299e43e7dc43b419d1f81cdf6d03bf04677edb82d08a441784,cc89179346e138ff16f2fe7762407c7129f434aacf36447c59b29e0d74e117ad,921,True
data/raw/exl3-pi-window-compaction-2026-10-02/chunk512-summary.json,pi-adapter/evidence/20261002-32k-chunk512/results.md,732b0d5ad418b4ded834772f63e6efa87f76f570c3be0a67c4d6cfa70b9df62b,3b2d29d55f0a484ea9abb3025c16de5836ddbaf27ce6d9c736ca5f5ce0876723,1461,True
data/raw/exl3-pi-window-compaction-2026-10-02/window39168-summary.json,pi-adapter/evidence/20261002-window39168/results.md,babeff5145a9504a9734dd0d8ce5dc0e4034b66324a7be8d366376ee028c1c10,054da939f9ebb2ed698817482bdea7114f57438e7b538675471e8df953a6668c,1654,True
data/raw/exl3-pi-window-compaction-2026-10-02/window40960-compaction-summary.json,pi-adapter/evidence/20261002-window40960-compaction/results.md,4cce21ffcc6f73b99547f2651b88abea4d7f92cf2949136667b1cb72f309ac76,37f63459fcee18dbc7db37153580011bd2e5e8eb72a18b1b4893a993ffcf7cd8,2339,True
data/raw/exl3-pi-window-compaction-2026-10-02/window43008-compaction-summary.json,pi-adapter/evidence/20261002-window43008-compaction/results.md,c504c431c80855d17730d84b61adffdd13fc81103418d2bc9eee6f24c8afddcb,60eb218253c7a2e4717249ddc5edba1827dcc9b3994dd1f62776dbb857d33989,2720,True
data/raw/gguf-qwen4exp-fix-2026-10-03/source.json,llamacpp-qwen4exp-fix-20261002zd/source.json,e47d7265651e2c13115936e20a14d89f8128f73182bcc56c5b116e8c5c187dfd,13146fa4381c8e055da571568806c8d45c96690ff7c80aae8bad4549055fb255,346,True
data/raw/gguf-qwen4exp-fix-2026-10-03/comparison.json,llamacpp-qwen4exp-fix-20261002zd/comparison.json,3e0d7d679819ba731e01ad5c4117ac9a87aa3b104b05c1fb13a9a05aeacc1f2f,27b7f9408edf982fdc4999b4ab4ed61fe0ff8274ce14b56eaa40ae7225590127,2226,True
data/raw/gguf-qwen4exp-fix-2026-10-03/mtp-comparison.json,llamacpp-qwen4exp-fix-20261002zd/mtp-comparison.json,d56992ca9f009585f9d47276df786f339cfa8351e08f8f653c209e89e559924f,fc15b4361a4943db8ddebe65d2f561197aafd5eae484cff6f171ed6c46571cfe,1992,True
data/raw/gguf-qwen4exp-fix-2026-10-03/16k-comparison.json,llamacpp-qwen4exp-fix-20261002zd/16k-comparison.json,73d5ea8da9913b8e15cbdf8299be6ce31e798af65a831349531cc3787dad5dc4,3ee9fb430d292b14b4b391a47a31048f1cba0278e9d1760a6d82aaed0a552890,776,True
data/raw/gguf-qwen4exp-fix-2026-10-03/summary-mtpfit.json,llamacpp-qwen4exp-fix-20261002zd/summary-mtpfit.json,f509c3a6dbca63888436df10d967b83f2bbbf16b30acf7bd7b3e8f84768b90cd,7438f3c5ad15ba345f9197de7e28f71b385e4e8fa578ddbc09954b816e925c8c,1254,True
data/raw/gguf-qwen4exp-fix-2026-10-03/forecast-mtp-budget.json,llamacpp-qwen4exp-fix-20261002zd/forecast-mtp-budget.json,f08fae4bd1bde1f2c0c740273106e1db8e5a0ba7f1d17ee8d9284faa27af52c7,983e3afaa54d2b6f10cb49fbc1317fa909730ceadc97474e8362c066b828c4c7,443,True
data/raw/gguf-qwen4exp-fix-2026-10-03/q8kv-verification.json,llamacpp-q8kv-65k-20261003/verification.json,84292bdc3d86168612a659a41a379f8eab231fd2ed5622b9d42dac3e6fafe513,6405735956e4e2d9ca520bf4933aa7aff8a6251c1630482772cb5f50c24ed9a8,2112,True
data/raw/gguf-qwen4exp-fix-2026-10-03/mtp-budget-summary.json,llamacpp-qwen4exp-fix-20261002zd/mtp-budget.md,2fa7d51da72a2c0384cae41873aa5dd0bf7fcd88819cdecc013a0203c5769ce1,7eccd623bceaa3ad33c77cc4b89294c45dfe6455b63896144b17c3aaaecb2195,596,True
data/raw/gguf-qwen4exp-fix-2026-10-03/new-32768-run.json,llamacpp-qwen4exp-fix-20261002zd/new-32768-run.json,807c77977a7bd61ae348831750c9cca9b6c345aeb383a83ca7fb55072be5ce48,e208b05931f48d2f30de666b105108496b5beb8b5888c50bea8f7f26a7b86663,2186,True
data/raw/gguf-qwen4exp-fix-2026-10-03/new-65536-run.json,llamacpp-qwen4exp-fix-20261002zd/new-65536-run.json,e13e48220c192c18bdd2a8483482bb12d011f6f43e4e299628d9f06d6c5ed5e3,68989a11b44e5e66d64cd9bae68aabd7a1dbf6624f0bc3c0715160dface0a8be,2187,True
data/raw/gguf-qwen4exp-fix-2026-10-03/new-65536-q8kv-run.json,llamacpp-q8kv-65k-20261003/new-65536-q8kv-run.json,6c48269c117e9664ef90e8a868cb4c24e609956ae8a107d469234d7efb91fc7d,9998da24744bb9ad1fa97a92767398eaacb72fca80c91081cb656f721b257220,2217,True
data/raw/gguf-qwen4exp-fix-2026-10-03/new-65536-safety.json,llamacpp-qwen4exp-fix-20261002zd/new-65536-safety.json,be10be749a9115bb1cd1e05cadd700205214b719daaf1343cc2b391c48c56ea5,acd019af42ea48af5c0ff66d85de3287c60bc095772085b6454192fd28eaec07,137,True
data/raw/gguf-qwen4exp-fix-2026-10-03/new-65536-q8kv-safety.json,llamacpp-q8kv-65k-20261003/new-65536-q8kv-safety.json,0cf125f294fac8528c089a82ffb584bbe1ea89d446701b94035b776c2f689d53,bc7dafffd717c600fa8cb65e8c124e7b5b538012b1c719e93edf4e461c1db7af,137,True
data/raw/gguf-qwen4exp-fix-2026-10-03/16k-baseline-run-nohost.json,llamacpp-qwen4exp-fix-20261002zd/16k-baseline-run-nohost.json,5f179c45370fffb54ea9d06dd7f1ebb111ca55ea9efe230cf1da5329fbafe575,6a72c34cfb04b14082f55bfb9121a9efc6670f05dc5480cb6ff9e04fe8e38eb3,4698,True
data/raw/gguf-qwen4exp-fix-2026-10-03/new-65536-free-prefill.json,llamacpp-qwen4exp-fix-20261002zd/new-65536-free-prefill.json,072a3c7f5eef350c49036fac62491fb32e046b747ccd5a75e4ebfcd164aa7dcc,3431f4e8084a8cce9c965e761ef439d8b6f041cb63d1209e4ceea3508e9f4595,832,True
data/raw/gguf-qwen4exp-fix-2026-10-03/new-65536-free-follow.json,llamacpp-qwen4exp-fix-20261002zd/new-65536-free-follow.json,41b432c263f6f6044f3967de1e3216ac34ca01060ce1478a4a546a2240cbbcdc,51e6206dad7d5d75f5fc33550093d9e1d0c80c199a19cec34537d82226f81e42,5376,True
data/raw/gguf-qwen4exp-fix-2026-10-03/new-65536-repeat-prefill.json,llamacpp-qwen4exp-fix-20261002zd/new-65536-repeat-prefill.json,ad19b6564d95086c243ffac1a1f466d1e3ed0b01f3a9dc75cba033f672d04626,652e466fbdece1fe1466722f33ee17f077e2a2bd3a9967804820d9572b01263a,832,True
data/raw/gguf-qwen4exp-fix-2026-10-03/new-65536-repeat-follow.json,llamacpp-qwen4exp-fix-20261002zd/new-65536-repeat-follow.json,72cb65030fb2f5ebc9e2ec752131aadae06675646769aaa47d9c9771cc7c259c,fa0aeffc8ceec60e8fdfe951d20ca4b4e4c991b2019533ab0a80a015b88c0428,3151,True
data/raw/gguf-qwen4exp-fix-2026-10-03/new-65536-q8kv-free-prefill.json,llamacpp-q8kv-65k-20261003/new-65536-q8kv-free-prefill.json,53a6ada7e06484de1557a1fd1ab64e099ec0746dc5594173a63563bd6f5d09ad,e925141f05ab51bcad6c52604646438469bb41ff68096efe519de905d15611f9,830,True
data/raw/gguf-qwen4exp-fix-2026-10-03/new-65536-q8kv-free-follow.json,llamacpp-q8kv-65k-20261003/new-65536-q8kv-free-follow.json,1dcc8cee2de9d04224c30f818a0876d4d55b7a45bd4e8aad473cb53a4e2de692,91d626ea8fa9d851e8719d69dcb3dff37db2ea4b38f1b43fb7c0b09733827121,5297,True
data/raw/gguf-qwen4exp-fix-2026-10-03/new-65536-q8kv-repeat-prefill.json,llamacpp-q8kv-65k-20261003/new-65536-q8kv-repeat-prefill.json,430c302132f79ba66f2eb282b006816ec494be7088393ceefcd9d8550e470dc2,806b118fe409add5f7abda28f84057e88ec42c8e50ff26f25aaaa37c23e7e959,830,True
data/raw/gguf-qwen4exp-fix-2026-10-03/new-65536-q8kv-repeat-follow.json,llamacpp-q8kv-65k-20261003/new-65536-q8kv-repeat-follow.json,ae7251deb47d702942746d80ec3d5051e831845a8b591c27e736c2d02113d410,7f315251fb327bcdf54e35a13efa3ff881fd0af859087d8f6cdb413c4f819725,3150,True
data/raw/gguf-qwen4exp-fix-2026-10-03/new-32768-buffers.json,llamacpp-qwen4exp-fix-20261002zd/new-32768-server.log,cb62d1d659bb6d86752f65b1e5ceb672c683bbc3f885bbde17624ff5dda3c60b,70c126b974bbfc30be2ded33ac78bac35ec9a0f9ff8b7879f3643ff841140f11,1349,True
data/raw/gguf-qwen4exp-fix-2026-10-03/new-65536-buffers.json,llamacpp-qwen4exp-fix-20261002zd/new-65536-server.log,227ffc1cefd943b40f3f30e3edf8e30a7b5f485339c379373c0c57f5e5861ee2,fd1f10b031025a1cdf674926367e7528b683791221ace2c9e50735021d53c5d8,1234,True
data/raw/gguf-qwen4exp-fix-2026-10-03/new-65536-q8kv-buffers.json,llamacpp-q8kv-65k-20261003/new-65536-q8kv-server.log,19c29ceff9a113b78145f930a5368986f8e9f3e376a88ecd6173e099231a2e28,9c0d8620201148170a4ea39e5c6d221565590d96ee105bbb1c51af2c9218fa40,1349,True
data/raw/gguf-pi-memory-2026-10-03/q8-65k-g20/resource-summary.json,gguf-q8kv-pi65k-20261003/resource-summary.json,1b1e87bd3c1e9f6b8b9fd0dce18afb2a5574d3abd2b31a03217c166c740998a0,ecd557d336aa34e5b30f680fe0f39f5ea3d9e49b403a34857343ab08dc688e54,734,True
data/raw/gguf-pi-memory-2026-10-03/q8-65k-g20/enriched-turns.json,gguf-q8kv-pi65k-20261003/enriched-turns.json,1c3e9b94a8dfb873abfb2fb489df42c4b4780c2d1dc1558bcb5bd096ade6735a,ebc27271bf3ca5ae735f829f4c9a43d147f3fe2be99fcfb66f886febcaabd1b5,3602,True
data/raw/gguf-pi-memory-2026-10-03/q8-65k-g20/command.json,gguf-q8kv-pi65k-20261003/command.json,0e95564595dc44c46bddb8fa8ee931602d30dbfe5a5b72a9811784b82c207b83,fe0bebe4f609555ad93e06aabf21f67f566d45406bd462241d8825f4a1526b53,1454,True
data/raw/gguf-pi-memory-2026-10-03/q8-65k-g10/resource-summary.json,gguf-q8kv-pi65k-20261003/run2-g10/resource-summary.json,517e94b135cced5841deda2c79f2e883d4a73332baa715f0c45c52875f8c8765,260bad403be484e9749b6d7bdc71e3448a8c2cf8da32af7542419d7721c441c4,1632,True
data/raw/gguf-pi-memory-2026-10-03/q8-65k-g10/enriched-turns.json,gguf-q8kv-pi65k-20261003/run2-g10/enriched-turns.json,00c39df456ca3f849beaa10304044027d195ce1535863992180f72d565f95825,730095301f5317923e022f5dfd1473dfaa753d1ba7d614b672bc5743e97220f4,7733,True
data/raw/gguf-pi-memory-2026-10-03/q8-65k-g10/command.json,gguf-q8kv-pi65k-20261003/run2-g10/command.json,45f1abbb73388fa4cf68f76189f16f152c5f1cca96914f8a23b7a175e442d829,fe0bebe4f609555ad93e06aabf21f67f566d45406bd462241d8825f4a1526b53,1454,True
data/raw/gguf-pi-memory-2026-10-03/q4-65k-g20/resource-summary.json,gguf-pi-variants-20261003/65k-q4/resource-summary.json,2fd6cb9876f6da72dd97dffcdc59dc32e600c1f50b5486cbfd1aa8bf77a57850,e2762dec7e2989424da6bf97715dbe4e61b3951e0d81ad74f4b35af4a8d5b8a8,1257,True
data/raw/gguf-pi-memory-2026-10-03/q4-65k-g20/requests.json,gguf-pi-variants-20261003/65k-q4/requests.json,3e8d0a89276ddd0462f91560f4090f674f7c3240891e22758c792befe889235c,5ef14e1129e145850c8ea73ace8ce5990d23012f2d096681fc01f708a8acbceb,2042,True
data/raw/gguf-pi-memory-2026-10-03/q4-65k-g20/enriched-turns.json,gguf-pi-variants-20261003/65k-q4/enriched-turns.json,0268b1f2a732825d35e45c9ae1deee9abf4c1e2c3621491e881ab72bb5dd407e,f7687d3a91c6dd97c4ed39038ed1427edd7a43f80c3067ddc62f0d443e14f498,3833,True
data/raw/gguf-pi-memory-2026-10-03/q4-65k-g20/command.json,gguf-pi-variants-20261003/65k-q4/command.json,e5bbe09653f599aa20dd70b460a733cb797ff74173f31a080069391d93942beb,1f27724998bdd21cccef237c8acb6433a9ef96605658c2db18753bcef643ccfc,1454,True
data/raw/gguf-pi-memory-2026-10-03/q8-32k-g20/resource-summary.json,gguf-pi-variants-20261003/32k-q8/resource-summary.json,3279bf7158550814d26a8f821e8ed302b3cbb2f97ba78a2b832bcfa6ce76cbe6,ba4c7632d3c4130c6996797ca8f75e6381090deb67097b6c1032faa3eb5ad2cc,1272,True
data/raw/gguf-pi-memory-2026-10-03/q8-32k-g20/requests.json,gguf-pi-variants-20261003/32k-q8/requests.json,bd6a51e3d26e47119bffed7262c1bdf95ef2f9bd95f68c93b940cc0caee5495b,5d3c82abb82344af02aa0cd8ed13698b185c0da1bb95cc795f25a4305f16ef2d,3078,True
data/raw/gguf-pi-memory-2026-10-03/q8-32k-g20/enriched-turns.json,gguf-pi-variants-20261003/32k-q8/enriched-turns.json,ab1cffec0597a2471bf1ab8614796f68780d90aafae66c43bf288f4c8ed307e5,4db36aa197d6c4e95ad73a681318a105cc764cb8f6945277e9a6147905339494,5646,True
data/raw/gguf-pi-memory-2026-10-03/q8-32k-g20/command.json,gguf-pi-variants-20261003/32k-q8/command.json,3bcccef1df5cdbb481e8827a0897b91246bef8b0d90858c41ee756addc51d430,923d31e29a909a80487cc7031db0b2644b06bc3c83af9efb92062f1e4acff64c,1454,True
data/raw/gguf-pi-memory-2026-10-03/q4-65k-g10-run2/resource-summary.json,gguf-pi-65kq4-g10-20261003/run2/resource-summary.json,77f2f23d8063b147f6b060bdb0b4d216da6c6bfcf14338160b4e772895fc8ef4,7214db7988ad14f85ecf73e810a0c98da1460d2252aa48a1b0df1493187a99ee,1214,True
data/raw/gguf-pi-memory-2026-10-03/q4-65k-g10-run2/growth-curve.json,gguf-pi-65kq4-g10-20261003/run2/growth-curve.json,f1d704b839ba4bc7f1275b44207195fb5d15e0c96b830428f0398c8ca3dc0e11,daf0cdce6029765279ddfa3762fd2a944749f737ad8e9b8fc2dcfa6fcc1c60f2,1991,True
data/raw/gguf-pi-memory-2026-10-03/q4-65k-g10-run2/requests.json,gguf-pi-65kq4-g10-20261003/run2/requests.json,e50762ac60d77373a7cc0bd8acb19a770568b8daea1474c7da5f7575ce1bb288,0a05df4d0d18d65fe1d3ae84aadc16cf37a30e2db20344d0eab87399d2e9cc69,6195,True
data/raw/gguf-pi-memory-2026-10-03/q4-65k-g10-run2/enriched-turns.json,gguf-pi-65kq4-g10-20261003/run2/enriched-turns.json,1d6163621d7058e5e54031277fc3bee53d30e6ee58134e84527e736e430589e4,0f2fe7d06cc1686551e975a93109bae0b73d03deafd9b9b9930129030e254d75,13062,True
data/raw/gguf-pi-memory-2026-10-03/q4-65k-g10-run2/command.json,gguf-pi-65kq4-g10-20261003/run2/command.json,09c01f4e6d26aa83dec277e9a276e1e09d9c15323ac97695df005f38e2bdde1d,1f27724998bdd21cccef237c8acb6433a9ef96605658c2db18753bcef643ccfc,1454,True
data/raw/gguf-pi-memory-2026-10-03/q4-65k-ctxcp4/resource-summary.json,gguf-pi-65kq4-ctxcp4-20261003/resource-summary.json,baff434af84d0e324636710f16b69002c15e41d6773fb410d85df4ab413715c7,654ab1dd8b2cd12b043a535166853eaf0d99600bfd0857f526fd02b108d59d5d,2375,True
data/raw/gguf-pi-memory-2026-10-03/q4-65k-ctxcp4/growth-curve.json,gguf-pi-65kq4-ctxcp4-20261003/growth-curve.json,b91b9c7099f14ffd67bd8581416b5f13373b5a8536944eefc8f382933345c84c,d5ff1a87ea3d28199b1505150089177729a83efa8ac9aa0fe51b7c18812975b7,5745,True
data/raw/gguf-pi-memory-2026-10-03/q4-65k-ctxcp4/requests.json,gguf-pi-65kq4-ctxcp4-20261003/requests.json,cc4cc44a497b66b39ad06168d2429c5f00a90e02d637acf350adf385971b4ba4,b0e6ccd41cc6f52cdfc26d9fa9594f058587dadc000b3e9690c90fe0d9e66f04,24924,True
data/raw/gguf-pi-memory-2026-10-03/q4-65k-ctxcp4/enriched-turns.json,gguf-pi-65kq4-ctxcp4-20261003/enriched-turns.json,4e251757e03f2e6d46c981efc95dfb82bc264111f9e46eda190d8a8cce96a0fc,fe7a44b19f7519c28d98ddfc170663b2927e46dba08eebb48180ea2c52c8ee08,47379,True
data/raw/gguf-pi-memory-2026-10-03/q4-65k-ctxcp4/command.json,gguf-pi-65kq4-ctxcp4-20261003/command.json,6eab2d000135b2ed79863575c393bb4221c74301f4df69d77fb87e3b396c2462,7878594381038b9fa6ea3d0ad717d2f07fef11fc873e309d7677b22eaec10e2b,1472,True
data/raw/gguf-pi-memory-2026-10-03/q8-65k-g20/results.md,gguf-q8kv-pi65k-20261003/results-pi65k.md,79f32c84b50c43fe2c7eda5bd6ae5891fbb7b4ad402d5c7d044144bba213898f,7752dddab03eae789f792fc32f50ceaaf3d3195a012fd8d57c04e07917249a71,388,True
data/raw/gguf-pi-memory-2026-10-03/q8-65k-g10/results.md,gguf-q8kv-pi65k-20261003/run2-g10/results-pi65k-g10.md,6467593a955ba49e67f83d3ace1d8e9d19bf293ce14d930e9c0110f33fec9d9d,07d5c1bace75c5217f4dbf2a51df904f7989c2bc42a7c7349ef89faf69708069,399,True
data/raw/gguf-pi-memory-2026-10-03/results-variants.md,gguf-pi-variants-20261003/results-variants.md,b57aab9bc009a158eb4e0c9b424ca7e2fbf055ec4f4db76c3b22276f29ed6fa2,a3f8847431cd5fa2c9e7bd6857e7223e06c2d4ef77f66d57978f3fc3e987a44d,586,True
data/raw/gguf-pi-memory-2026-10-03/q4-65k-g10-run2/results.md,gguf-pi-65kq4-g10-20261003/run2/results.md,957d4cc03769c14c346a0edd733d1604b32e55b3365a508c751e06b658049f48,a990fb2b2099612d4d455991b03b625ad4ecef404bbe7de0f1924dbb06ae012d,654,True
data/raw/gguf-pi-memory-2026-10-03/q4-65k-ctxcp4/results.md,gguf-pi-65kq4-ctxcp4-20261003/results.md,0ca4efd45760c6ba889146b018571692e736996f8f68fae213658bdb5ee3c9bd,79977b047118ec44c368684a6f5301d0e434976fec93ac28a384c92f3a591cc0,2007,True
data/raw/gguf-pi-memory-2026-10-03/q4-65k-ctxcp4/checkpoint-events.json,gguf-pi-65kq4-ctxcp4-20261003/checkpoint-events.log,24951b6e0f82c0751b869ce4e0b0f23a0c753ecf8958da7fdcaba3d48b505662,38f1e4ce44be13e82bd750bf6524ac500faa2ffb5e1c26432740e82a4871d798,2496,True
data/raw/gguf-pi-memory-2026-10-03/q8-65k-ctxcp4/resource-summary.json,gguf-pi-65kq8-ctxcp4-20261003/resource-summary.json,925abfa5c0e94dea32bc145fa98971c0615caaec7c34cb7df9bb5f64f079d0df,3f37dda0508f9e6728f6a85f21243f849a3284b81aad67092d3bb926c312cbf4,3433,True
data/raw/gguf-pi-memory-2026-10-03/q8-65k-ctxcp4/command.json,gguf-pi-65kq8-ctxcp4-20261003/command.json,b9e2949b64896157b5f50506eb58a96f1bcc4f9ff72d21350fdd763988b22c0f,e0b87c425ac39f00fa8e05902bdef5f7b61ade5e8624b0554ecd805de2d132f6,1472,True
data/raw/gguf-pi-memory-2026-10-03/q8-65k-ctxcp4/enriched-turns.json,gguf-pi-65kq8-ctxcp4-20261003/enriched-turns.json,5889bd18081e2704e20c70d5b524695d699bc8f72a919716fbaffa55ad0d94c9,43075ed44d2fc6533b46e32d0b044113184dadd4a2f5a532ce30ba9025e99490,48271,True
data/raw/gguf-pi-memory-2026-10-03/q8-65k-ctxcp4/growth-curve.json,gguf-pi-65kq8-ctxcp4-20261003/growth-curve.json,8c41e360c01c37d322f14340f0983f72061185a9b9b04a72bd789ea382f8d2b2,f18e657e03ef0a49d2d52fe7f78d45748bb5860b8c17040c717fcc3ab9561b4c,5752,True
data/raw/gguf-pi-memory-2026-10-03/q8-65k-ctxcp4/requests.json,gguf-pi-65kq8-ctxcp4-20261003/requests.json,79e4b27dbe1eef996e56b51b9348e1821e92db868ad2d441248d2ea0cdf123c7,0be321055884a3864e2688495151cc17bab11965fd72fa58c61131725ded0962,25485,True
data/raw/gguf-pi-memory-2026-10-03/q8-65k-ctxcp4/thinking-counts.json,gguf-pi-65kq8-ctxcp4-20261003/thinking-counts.json,a8164906234ce1033d6681fcbf2e79e402defc3ac25b1478e150ea26d02e2735,dcaed7d880e672018f0529151e0db8b6df5d8e731e84a79b2158d2a029a1d84e,3393,True
data/raw/gguf-pi-memory-2026-10-03/q8-65k-ctxcp4/minimum-window.json,gguf-pi-65kq8-ctxcp4-20261003/monitor.ndjson,0e3f0c178540db7fad064cbd5283cbc774323d98d6e695a1c23eaa85da602efd,42a7bc7f18d608accd3c3faf90cbf820825f427c53f8ae45ebee7553a45339ec,4683,True
data/raw/gguf-pi-memory-2026-10-03/q8-65k-full63k-first/resource-summary.json,gguf-pi-65kq8-full63k-20261003/resource-summary.json,3057c9daddd3c3037102f998b5743d0bd4ca50b1e1a51c3b36ac2e0186810e04,7359117e513894a3de09e5dd555cdb76220e7171a0364f24c92307bb884a541d,1220,True
data/raw/gguf-pi-memory-2026-10-03/q8-65k-full63k-first/command.json,gguf-pi-65kq8-full63k-20261003/command.json,e3f7cba99d1709c5d7044e0cc11708b95ce2e73a317b963000acaf83e039467a,e0b87c425ac39f00fa8e05902bdef5f7b61ade5e8624b0554ecd805de2d132f6,1472,True
data/raw/gguf-pi-memory-2026-10-03/q8-65k-full63k-first/enriched-turns.json,gguf-pi-65kq8-full63k-20261003/enriched-turns.json,8408a09a0fb75ae3d4a12abcb4cffe60e118cb87cbc05ca18a93691d86b5d249,3275385a44ee2d838c3d3aa1eba116db5c9d450ffad88d8eb1bb3576495b5548,17180,True
data/raw/gguf-pi-memory-2026-10-03/q8-65k-full63k-first/growth-curve.json,gguf-pi-65kq8-full63k-20261003/growth-curve.json,aa5c084091552990e0e33287874c9e7848f0e53311bf20e1e0140ea0b5efa0bd,f0e62f280aa6477e472c53b9683b2f0af900f19956e91dc6156616a1f92a3c42,2176,True
data/raw/gguf-pi-memory-2026-10-03/q8-65k-full63k-first/per-request-evidence.json,gguf-pi-65kq8-full63k-20261003/per-request-evidence.json,cf078138f82c774bd1931d25a9378a4a4d1ced84126f2eb1f20245858234b119,6ed216dd170091a5a5e01433bf5f0a0c4e6b70f883e7664b6d8888b24db12b6c,17026,True
data/raw/gguf-pi-memory-2026-10-03/q8-65k-full63k-run2/resource-summary.json,gguf-pi-65kq8-full63k-20261003/run2/resource-summary.json,9ada12de8c745f075704ac2cfd98d8cc8a178002415e480c5d0087b9866652e1,5534d0915d98a480b255968831ada0209574cf00a4484b66d4e1301df0979c2c,2330,True
data/raw/gguf-pi-memory-2026-10-03/q8-65k-full63k-run2/command.json,gguf-pi-65kq8-full63k-20261003/run2/command.json,9b85a6bb629efaacf2eb46d7b18afda60f969c58586bd566e7b1a1979b73a370,e0b87c425ac39f00fa8e05902bdef5f7b61ade5e8624b0554ecd805de2d132f6,1472,True
data/raw/gguf-pi-memory-2026-10-03/q8-65k-full63k-run2/enriched-turns.json,gguf-pi-65kq8-full63k-20261003/run2/enriched-turns.json,52322a53a04790f6891c4a2ef685036e40e12495ba0cc2059ca2823c7612c026,fe9bc4274be350b16205030968294ade9ca7d7d3edfa4b42e64d444a54187dad,25656,True
data/raw/gguf-pi-memory-2026-10-03/q8-65k-full63k-run2/growth-curve.json,gguf-pi-65kq8-full63k-20261003/run2/growth-curve.json,8adb9502ddec8630aaa516e01f321101418190b18b29a7b2cca3377545a1bd9f,7972e6f70773f4a7f7f06c78bada6e99151d14d5ba53d0ef1772ff4b5d7cb37c,2971,True
data/raw/gguf-pi-memory-2026-10-03/q8-65k-full63k-run2/per-request-evidence.json,gguf-pi-65kq8-full63k-20261003/run2/per-request-evidence.json,b76f820bec2c18e409711a0b13d3d722304fab5fbbe3fb496a52eea3b45f05b8,e77c91556338388c11490ed2a8025e410362225a3390ecf280b4a2015fa27e46,31158,True
data/raw/gguf-pi-memory-2026-10-03/q8-65k-full63k-run2/thinking-counts.json,gguf-pi-65kq8-full63k-20261003/run2/thinking-counts.json,c1b910eed21a64df8f25b3dc6e16e59f83f24ae379bd65a5eab809f34945de58,8cb2973da063c20614e847b1bbe1ce547e2ae48f5ffd07f8e74fea3e16cd7871,1791,True
data/raw/gguf-pi-memory-2026-10-03/q8-65k-full63k-run2/minimum-window.json,gguf-pi-65kq8-full63k-20261003/run2/monitor.ndjson,e10c6f15f9387ed849dfaf61e9ff96207fdfe05872fa6590f1f21d7564420130,76894ab3bc51f50f7a756f82fda2fefa256df4602b8e226e9481b6481e163628,4683,True
data/raw/gguf-pi-memory-2026-10-03/q8-65k-ctxcp4/quality-comparison.json,gguf-pi-65kq8-ctxcp4-20261003/quality-comparison.json,1fba57e2a00dd145dfab9cbbc92cf7f92d26aebcfb659f4af4c07e338ad8c0f8,3838d872c71a5786dd0a993d86e03ec23b7b2984e2cd595ae49faa2f8972ecec,791,True
data/raw/gguf-pi-memory-2026-10-03/q8-65k-ctxcp4/results.md,gguf-pi-65kq8-ctxcp4-20261003/results.md,73acf295c73ef0c1f26d2adf8f2f4f9ca8fe922389abc2aa70ce558ac110c41a,8726ace801c6b1e5f281a4a4639ef130c838d5f30218a844a667337f8de672d9,1675,True
data/raw/gguf-pi-memory-2026-10-03/q8-65k-full63k-first/results.md,gguf-pi-65kq8-full63k-20261003/results.md,029517f3a0d625a41fe09d749e8096e7f70a440cf77769ce3414bbc69c9881f4,329261ca4a65b540db1c657164a2327d9b0f8a55b70b93118fa23a4f1bfe0e4b,1150,True
data/raw/gguf-pi-memory-2026-10-03/q8-65k-full63k-run2/results.md,gguf-pi-65kq8-full63k-20261003/run2/results.md,c55e005bdfdf64ada81760061e7ffc06c99a45ef9db50e237b9176a462286fb6,ad89577880389fc94383f28e9a59964fc1c33e10d78488779e986ad7992ea624,2484,True
data/raw/gguf-pi-memory-2026-10-03/ctxcp-triage/analysis.md,ctxcp-retest-triage-20261003/triage.md,54c4afdd884bec7e0c0ee65038fe7ff0bc913faebb67f7c4e3df2cef107b0155,0234432fc199956b3f09b25922909e64cd64c815185beb1e6d046823092021db,2174,True
data/raw/gguf-pi-thinking-2026-10-03/max8192-results.md,gguf-pi-q8-maxtok8192-20261003/results.md,df31252db64ccda5318551f0cf23f022bdac08a94315763a049cfc8d8ecfa737,acdf8740e9aa17e8320fa793a6eb66066f7fedd1d229114d7978b0661b272afe,4629,True
data/raw/gguf-pi-thinking-2026-10-03/max8192-turns.json,gguf-pi-q8-maxtok8192-20261003/per-turn-evidence.json,730c0c6ce321fc8e856dc210f9e1904a86bfc8d016879c294c0b717d01289a5b,98f6ddf3fd62026de358cf33a120e8143359ef7cdb23fd216fc0ad1da7b7d6d1,12972,True
data/raw/gguf-pi-thinking-2026-10-03/empty-classification.json,gguf-pi-q8-maxtok8192-20261003/step1-classification.json,2b2fcaa5242635b45c559475793a88d4b8d3a9b3da1489a4e4e97a5ea85d80c8,9b8273aa4ee45f40184403f7a3d4ab4bac8bc80e5d60dfcd506c1403f9c61cb0,11907,True
data/raw/gguf-pi-thinking-2026-10-03/arithmetic-reference.json,gguf-pi-q8-maxtok8192-20261003/long-thinking-check.json,17ac8f64f724e63154903b247ad28dee54fec106452fb7c8ee60cd3422ade460,17ac8f64f724e63154903b247ad28dee54fec106452fb7c8ee60cd3422ade460,176,False
data/raw/gguf-pi-thinking-2026-10-03/comparison.json,gguf-pi-q8-medium-4k8k-20261003/comparison-v2.json,5f470eb5bb57d7e33c53fd6130ebb54a104a3d1bb2f87301667f7e49741e45a9,5f470eb5bb57d7e33c53fd6130ebb54a104a3d1bb2f87301667f7e49741e45a9,1033,False
data/raw/gguf-pi-thinking-2026-10-03/medium-low-results.md,gguf-pi-q8-medium-4k8k-20261003/results.md,dae2857ecad02e2be27d8692a1e257f28fe3a80fceec88be88e40fd47c4c5a1d,889ac15cccd902633287599a9c267de08f712ee18f5e291f72e3e4721080c098,6256,True
data/raw/gguf-pi-thinking-2026-10-03/armA-run1-resources.json,gguf-pi-q8-medium-4k8k-20261003/armA/run1/resource-summary.json,9432839d491ba62e6d7c18bfef71ad5c37e4a7eddd09bf980b39cb71a289ccff,9432839d491ba62e6d7c18bfef71ad5c37e4a7eddd09bf980b39cb71a289ccff,383,False
data/raw/gguf-pi-thinking-2026-10-03/armB-resources.json,gguf-pi-q8-medium-4k8k-20261003/armB/resource-summary.json,b2ff7e814e0a60537c8bda007a4434592dea433a2849c7afe6e4091d25520eb3,b2ff7e814e0a60537c8bda007a4434592dea433a2849c7afe6e4091d25520eb3,387,False
data/raw/gguf-pi-thinking-2026-10-03/roundtrip-audit.md,pi-reasoning-roundtrip-audit-20261003/audit.md,23bf8e62651ec2a8c04f1d13d097e6fd7087b0c7367918533c44752dfe19f346,465f79781ae20ff39eb03c10f5e1799208a5f09bc8d11627aeece88af0900ea2,7871,True
data/raw/gguf-pi-thinking-2026-10-03/roundtrip-replay.json,pi-reasoning-roundtrip-audit-20261003/evidence.json,6c7b0087abb5f10f766f75d67f960f5a4b9edbd73416e6f9012020857f7f9a0c,412fc7b329b1ac0bf1e6a9f8cf24799efb4af38c98f56dd9d17edfbd968016a0,50412,True
data/raw/gguf-pi-thinking-2026-10-03/pi-converter-check.json,pi-reasoning-roundtrip-audit-20261003/pi-converter-check.json,62cd1ff0e1c06223e0fa60f5a8250ef1393b8f1914ca49eee7a043b263d22941,62cd1ff0e1c06223e0fa60f5a8250ef1393b8f1914ca49eee7a043b263d22941,10258,False
data/raw/gguf-pi-thinking-2026-10-03/web-findings.md,qwen38-flashnext-thinking-web-20261003/findings.md,4f63ba7a41eb66c91c9b010394566edb21c6cd3f1546e3cfd8c19da816e88623,4f63ba7a41eb66c91c9b010394566edb21c6cd3f1546e3cfd8c19da816e88623,17742,False
data/raw/gguf-pi-thinking-2026-10-03/pi-1.0.1-filter.json,results-repo-gguf-thinking-20261003/pi-1.0.1-filter.json,b3085c87af4ab696cbd6884fc2c47c7fe793b685505db62331142e3ef129511c,b3085c87af4ab696cbd6884fc2c47c7fe793b685505db62331142e3ef129511c,1070,False
data/raw/gguf-pi-thinking-2026-10-03/shortturns/results.md,gguf-pi-shortturns-pt-fp-20261003/results.md,01e5ea0c8c5f68969642a3d260bc259e19aa1b9de45dd64b57c8c03f00e9318d,5669cb901cdefa92311eef453e2c180aba94172bfd17aa2e2e67087dabbc3504,5847,True
data/raw/gguf-pi-thinking-2026-10-03/shortturns/summary.json,gguf-pi-shortturns-pt-fp-20261003/run-20261003-195022/summary.json,654cb9fafd42047dbea3e7f1ebd57c1cf880935847726de8e914e8cbaa0df692,654cb9fafd42047dbea3e7f1ebd57c1cf880935847726de8e914e8cbaa0df692,2442,False
data/raw/gguf-pi-thinking-2026-10-03/shortturns/validation.json,gguf-pi-shortturns-pt-fp-20261003/run-20261003-195022/validation.json,239d9af48c3bce22a2a3935b777b9f361af230d3b536eeacd0aef4a28984fc3f,239d9af48c3bce22a2a3935b777b9f361af230d3b536eeacd0aef4a28984fc3f,2258,False
data/raw/gguf-pi-thinking-2026-10-03/shortturns/C0-resource-summary.json,gguf-pi-shortturns-pt-fp-20261003/run-20261003-195022/C0/resource-summary.json,3db215e87c408a2bce5ba4cda0283b26ef2c574bec3728332b21808858e3aaa3,3db215e87c408a2bce5ba4cda0283b26ef2c574bec3728332b21808858e3aaa3,385,False
data/raw/gguf-pi-thinking-2026-10-03/shortturns/C1-resource-summary.json,gguf-pi-shortturns-pt-fp-20261003/run-20261003-195022/C1/resource-summary.json,3db215e87c408a2bce5ba4cda0283b26ef2c574bec3728332b21808858e3aaa3,3db215e87c408a2bce5ba4cda0283b26ef2c574bec3728332b21808858e3aaa3,385,False
data/raw/gguf-pi-thinking-2026-10-03/shortturns/C2-resource-summary.json,gguf-pi-shortturns-pt-fp-20261003/run-20261003-195022/C2/resource-summary.json,3db215e87c408a2bce5ba4cda0283b26ef2c574bec3728332b21808858e3aaa3,3db215e87c408a2bce5ba4cda0283b26ef2c574bec3728332b21808858e3aaa3,385,False
data/raw/gguf-pi-thinking-2026-10-03/shortturns/C3-resource-summary.json,gguf-pi-shortturns-pt-fp-20261003/run-20261003-195022/C3/resource-summary.json,3db215e87c408a2bce5ba4cda0283b26ef2c574bec3728332b21808858e3aaa3,3db215e87c408a2bce5ba4cda0283b26ef2c574bec3728332b21808858e3aaa3,385,False
data/raw/exl3-variants-2026-10-06/results-summary.json,flashnext-context-20261006-174414/results-summary.json,26e8760fa4fb945204a2185d6127f08d8e4cd406225b338876a07881f6679071,d069d7cb20d019968fdd6836f42393a84e44c1236de761d968d60877b4e59c1f,4275,True
data/raw/exl3-variants-2026-10-06/speeds-from-logs.md,flashnext-context-20261006-174414/speeds-from-logs.md,f0b403007571ad2458666144e2f844a630623119d92434de516d7cdb7c74d259,f0b403007571ad2458666144e2f844a630623119d92434de516d7cdb7c74d259,3740,False
data/raw/exl3-variants-2026-10-06/go-nogo.md,flashnext-execution-20261006-161457/GO-NOGO.md,7b99851f3360dddc9a44864e518c0e07907f6ac186b729faaa0c82fff8fbaa42,7b99851f3360dddc9a44864e518c0e07907f6ac186b729faaa0c82fff8fbaa42,3166,False
data/raw/exl3-variants-2026-10-06/baseline-offline-verdict.json,flashnext-context-20261006-174414/exl/baseline/run-01/offline-verdict.json,66aa426bfb3b0fc9d10411363baf310501d430cb2677dec4c134e357038cfc27,64d4aa1828eeb1baf924e9777805a1de8fe162cff3c4606eb0c543fbfe24b060,7037,True
data/raw/exl3-variants-2026-10-06/hostpool-corrected-verdict.json,flashnext-execution-20261006-161457/hostpool/smoke-20261006-1645/corrected-verdict.json,9abf26ca017d7a1dca246da9988097a7eb322c059f326e650236efaef205dd10,b47009a2bf28136fe6d6b2f15ddcfc0b1ccde27ce7bb143bcbe0b4d53ad475c7,2865,True
data/raw/exl3-variants-2026-10-06/rocm10-short-summary.json,flashnext-execution-20261006-161457/rocm10/short-summary.json,53f5ec5b5c09d5bb66b1d736dc6a379c958933d1fc3fc700a3978f0292aedbe1,eeac8a9470203ad197ebdc05c4b0dcf0d74c766ebac6a488e02d6036cf57e8af,4859,True
data/raw/exl3-variants-2026-10-06/baseline-capacity38k-RESULT.md,flashnext-context-20261006-174414/exl/runs/baseline-capacity38k-20261006-223144/RESULT.md,dfb40eb5608d8232c8d6b2aeb834f195fd778ef3df1306d6213745123c823fba,dfb40eb5608d8232c8d6b2aeb834f195fd778ef3df1306d6213745123c823fba,1295,False
data/raw/gguf-61k-mtp-2026-10-06/results-summary.json,flashnext-context-20261006-174414/results-summary.json,26e8760fa4fb945204a2185d6127f08d8e4cd406225b338876a07881f6679071,d069d7cb20d019968fdd6836f42393a84e44c1236de761d968d60877b4e59c1f,4275,True
data/raw/gguf-61k-mtp-2026-10-06/kpool-fix.patch,llamacpp-kpool-fix-20261006-214339/kpool-fix.patch,1b8577840bf9463e365f17cdd81f69a20f6bc610353befff8eea5d7addf57d19,1b8577840bf9463e365f17cdd81f69a20f6bc610353befff8eea5d7addf57d19,1054,False
data/raw/gguf-61k-mtp-2026-10-06/mtp-smaller-head-research.md,flashnext-context-20261006-174414/mtp/smaller-head-research.md,bd188e4244249b6eafb76e0273814ef6e548dce34986cbf01daf99cc0d6f6177,a44512d5d6926de1b04afcca16d96dae60250c834f26d2bdd54f10fe7eb5af1e,7276,True
data/raw/gguf-61k-mtp-2026-10-06/mtp-diagnosis.md,flashnext-context-20261006-174414/mtp/diagnosis.md,c96b396ecbe0c70cd2b298da1ed223b7d37a14ee530803ce9eeef65ba253e9f3,61f68e2a2346684c97022711fc375a569a443dee538a43ee8bc2e000cf594f8e,5585,True
data/raw/gguf-61k-mtp-2026-10-06/new-direct61k-direct-probe.json,flashnext-context-20261006-174414/gguf/runs/new-direct61k-guard1g-20261006-200159/direct-probe.json,3b841bd988aec8b32e8a0372650da79e3c7b9bbf08d55e3430b767480e12e9df,d52850cd7a6a691eeeff9c8820fdacb45759c1018bd53448720b0a7cf4c58760,134,True
data/raw/gguf-61k-mtp-2026-10-06/mtp16k-speed-results.json,flashnext-context-20261006-174414/gguf/runs/mtp16k-20261006-215852/speed-results.json,01e011093da185b1a75ae6f3d33bb14eb3129d5acffa3b543a9c4abacf75d275,eaec8b50d596c0f654c48eb9151dd026de1060819c073a354274556244dc4da0,2083,True
data/raw/gguf-61k-mtp-2026-10-06/nomtp16k-speed-results.json,flashnext-context-20261006-174414/gguf/runs/nomtp16k-20261006-215852/speed-results.json,64c08e2af009443024268614c49f5b9335a623d3c7db0d20fce7504f44fce06c,32fd1bfea74bc6b61b84dbad19e2b11747fccd201a944ec200421bc15611bfa7,2049,True
data/raw/gguf-61k-mtp-2026-10-06/new-direct61k-guard1g-20261006-200159-RESULT.md,flashnext-context-20261006-174414/gguf/runs/new-direct61k-guard1g-20261006-200159/RESULT.md,3ace9ee761a98b6fb30a8d1f298880599c4af80acfa707c4c6d74bf951201933,3ace9ee761a98b6fb30a8d1f298880599c4af80acfa707c4c6d74bf951201933,998,False
data/raw/gguf-61k-mtp-2026-10-06/new-medium-direct-20261006-193558-RESULT.md,flashnext-context-20261006-174414/gguf/runs/new-medium-direct-20261006-193558/RESULT.md,8ecf531df3ba18a8ec270c0de959ff5248254a0652251d316b3a92791950a2cd,8ecf531df3ba18a8ec270c0de959ff5248254a0652251d316b3a92791950a2cd,1240,False
data/raw/gguf-61k-mtp-2026-10-06/new-medium-direct-guard1g-20261006-195131-RESULT.md,flashnext-context-20261006-174414/gguf/runs/new-medium-direct-guard1g-20261006-195131/RESULT.md,c0102cc32377744704584a09a0fbc2b2a40e82cac0296b64ec0cffdc02c2c359,c0102cc32377744704584a09a0fbc2b2a40e82cac0296b64ec0cffdc02c2c359,1790,False
data/raw/gguf-61k-mtp-2026-10-06/mtp-mmap-load-20261006-200607-RESULT.md,flashnext-context-20261006-174414/gguf/runs/mtp-mmap-load-20261006-200607/RESULT.md,f7551876f783baa670a03fb73235e3e2601c0a4a0e4342720db3ce2eb4a5a9a9,f7551876f783baa670a03fb73235e3e2601c0a4a0e4342720db3ce2eb4a5a9a9,1624,False
data/raw/gguf-61k-mtp-2026-10-06/mtp-mmap-30g-20261006-202011-RESULT.md,flashnext-context-20261006-174414/gguf/runs/mtp-mmap-30g-20261006-202011/RESULT.md,5becf9728e63a406b46ec53b7ac446c0ecc61cc423c26c2efa7f19c2fe98e3d3,5becf9728e63a406b46ec53b7ac446c0ecc61cc423c26c2efa7f19c2fe98e3d3,1337,False
data/raw/gguf-61k-mtp-2026-10-06/mtp-mmap-30g-warm-20261006-202720-RESULT.md,flashnext-context-20261006-174414/gguf/runs/mtp-mmap-30g-warm-20261006-202720/RESULT.md,5ea52a22d79c3f86b8031712f3618f4c884a84db52ea8085f8d10193ed4ca244,5ea52a22d79c3f86b8031712f3618f4c884a84db52ea8085f8d10193ed4ca244,2041,False
data/raw/gguf-61k-mtp-2026-10-06/mtp-q2k-30g-20261006-212233-RESULT.md,flashnext-context-20261006-174414/gguf/runs/mtp-q2k-30g-20261006-212233/RESULT.md,8c7e38e2beec27b6ac95c1c508f52d4cb323bc9bde10d0947f608aa4cb9460e4,8c7e38e2beec27b6ac95c1c508f52d4cb323bc9bde10d0947f608aa4cb9460e4,1149,False
data/raw/gguf-61k-mtp-2026-10-06/mtp-q2k-kvq4-30g-20261006-212419-RESULT.md,flashnext-context-20261006-174414/gguf/runs/mtp-q2k-kvq4-30g-20261006-212419/RESULT.md,414700c1de84e99a1822779630ffaa536c5ce81634462c82ce47bc916c8b54f6,414700c1de84e99a1822779630ffaa536c5ce81634462c82ce47bc916c8b54f6,1172,False
data/raw/gguf-61k-mtp-2026-10-06/mtp-q2k-tuned-20261006-213223-RESULT.md,flashnext-context-20261006-174414/gguf/runs/mtp-q2k-tuned-20261006-213223/RESULT.md,199cbf4cfeea4335ecea1f2328b8e810a545491f44e18cf0273f6676fc4ced7f,199cbf4cfeea4335ecea1f2328b8e810a545491f44e18cf0273f6676fc4ced7f,1852,False
data/raw/gguf-61k-mtp-2026-10-06/mtp-q2k-kpoolfix-20261006-214427-RESULT.md,flashnext-context-20261006-174414/gguf/runs/mtp-q2k-kpoolfix-20261006-214427/RESULT.md,cce473e426e1bd08ba9d6597e40e3f98c54b7d1603f5fc79b03cf6bb6e536d3d,b1fa0c7c232c0edae8c154d6d709605b269c6fecebf635c965975cea9524aea7,3178,True
data/raw/gguf-61k-mtp-2026-10-06/mtp16k-20261006-215852-RESULT.md,flashnext-context-20261006-174414/gguf/runs/mtp16k-20261006-215852/RESULT.md,c0fb269be061b7e52441accba584c1894e1887bb750074341f64deca36f73ccf,c0fb269be061b7e52441accba584c1894e1887bb750074341f64deca36f73ccf,714,False
data/raw/gguf-61k-mtp-2026-10-06/nomtp16k-20261006-215852-RESULT.md,flashnext-context-20261006-174414/gguf/runs/nomtp16k-20261006-215852/RESULT.md,8c342d6066757fe6fdd5e478f6b1bacc30b751aae22da8349e64236261dc105d,8c342d6066757fe6fdd5e478f6b1bacc30b751aae22da8349e64236261dc105d,600,False
data/raw/exl3-variants-2026-10-06/rocm101-results-summary.json,flashnext-rocm101-20261006/results-summary.json,5040a33d5bf737d6c88d0b22380da3a29d192b31a912746ef6105b6bb8a3965a,c4bb5e747adcb23246f9e427310e4e05182f9c78258598629a8ae1df730ce746,15171,True
data/raw/exl3-variants-2026-10-06/rocm101-versions.json,flashnext-rocm101-20261006/versions.json,a76025ddb92cbc487e89d02b2d62847e9c6db3ef493e90f6b6704517235381ee,a76025ddb92cbc487e89d02b2d62847e9c6db3ef493e90f6b6704517235381ee,1493,False
data/raw/exl3-variants-2026-10-06/rocm101-package-origins.json,flashnext-rocm101-20261006/package-origins.json,d76efbdf6adda63472ffab94e3af8f1cc398ca45a9f5a396ef2b78a4f427f60f,d76efbdf6adda63472ffab94e3af8f1cc398ca45a9f5a396ef2b78a4f427f60f,2162,False
